latitude,longitude,altitude (m)
42.9768659,76.99257681,3830.3
42.9770276,76.99270715,3818.1
42.97730124,76.99282887,3803.1
42.97764439,76.9929729,3788.5
42.97796494,76.99307728,3780.1
42.97867598,76.99330746,3772.8
42.97884439,76.99338737,3773.4
42.97968525,76.99367229,3789.7
42.98007142,76.99385947,3797.9
42.98069287,76.9941986,3796.7
42.98107694,76.99438553,3801.5
42.98183331,76.99470824,3816
42.98211224,76.99483756,3819.5
42.98248946,76.99502509,3823.5
42.98272417,76.9952368,3821.5
42.98308697,76.99543187,3820.4
42.98372464,76.9958138,3832.9
42.98423739,76.99597385,3857.7
42.98447033,76.99612374,3868.3
42.98482092,76.99626158,3882.7
42.9856482,76.99681605,3871.1
42.98608555,76.99713621,3867.3
42.98638076,76.99731087,3860.4
42.98670492,76.99753052,3851.2
42.9872141,76.99787914,3822.8
42.98753485,76.99810556,3801.3
42.9878837,76.9985066,3769.6
42.98820584,76.99881137,3730.8
42.98851817,76.9991306,3684.8
42.98877501,76.99948197,3653.3
42.98907899,76.99974134,3620.5
42.98937671,77.00006111,3592.3
42.98978876,77.00038181,3559.5
42.99015017,77.00067636,3526.9
42.99037722,77.00086142,3507.6
42.99069683,77.00112154,3483.9
42.99098742,77.0013279,3466.2
42.99138886,77.0015884,3445.2
42.9915396,77.00168633,3437.7
42.99182891,77.0018984,3424.4
42.99207974,77.00206408,3413.4
42.99238135,77.00226328,3401.5
42.99278743,77.00252558,3387.2
42.99329117,77.0028623,3364.1
42.99370143,77.00312341,3351.3
42.99396068,77.00328358,3343.8
42.99453052,77.00363858,3327.1
42.99525876,77.00409038,3304.3
42.99567333,77.0043541,3292.3
42.99614151,77.00465048,3277.8
42.99634997,77.00478245,3270.7
42.99687327,77.00511079,3251.3
42.99736597,77.00533503,3234.1
42.99762704,77.00550364,3225.2
42.99802237,77.00564923,3217.3
42.99855263,77.00597265,3203.8
42.99871031,77.00607402,3198.3
42.99913151,77.00634481,3185.5
42.99952313,77.00650718,3173.1
42.99994931,77.00677035,3158.9
43.00043413,77.00705174,3150.7
43.00086571,77.00730067,3143.6
43.0014046,77.00761764,3131.4
43.00183542,77.00787404,3119.7
43.00221025,77.00811074,3108.3
43.00253249,77.00831254,3099.5
43.00296544,77.00856708,3090
43.00339793,77.00882868,3080.1
43.00361354,77.00896387,3075.8
43.00388352,77.00913304,3069.7
43.00437556,77.0094016,3063
43.00495671,77.00978763,3062.3
43.0055026,77.01008627,3055.3
43.00604762,77.01039689,3049.6
43.00637566,77.01057007,3047.5
43.0067581,77.0107769,3045.1
43.0069762,77.01090386,3043.8
43.0074896,77.01108482,3043.6
43.00781797,77.01120295,3061.9
43.00825402,77.01133182,3088.1
43.00868657,77.01144461,3114.5
43.00890171,77.01151465,3128.1
43.00911634,77.0115889,3141.9
43.00943713,77.01169986,3152
43.00970339,77.01179198,3158.9
43.00997058,77.01192011,3167.4
43.01050772,77.01222671,3164.9
43.01061538,77.0122921,3164
43.011099,77.01256971,3160.9
43.01131383,77.01268948,3159.9
43.0116872,77.01287577,3156.8
43.01205849,77.01304625,3164.1
43.01237471,77.01318225,3169.4
43.0126377,77.01329552,3174.8
43.01290049,77.01340978,3181.4
43.01314235,77.01360672,3189.1
43.01335223,77.01370112,3193.9
43.01371831,77.01386242,3210
43.01394528,77.01386271,3218.3
43.01410866,77.01365915,3224.2
43.01414918,77.01349995,3226
43.01438976,77.01296579,3245.4
43.01453953,77.01257949,3258.1
43.01471025,77.01212263,3271.9
43.01494435,77.01145089,3289.8
43.01511503,77.01100227,3304
43.01522357,77.01078034,3312.6
43.01513419,77.01049701,3307
43.01486503,77.01049275,3289.9
43.01452269,77.01054249,3269.8
43.01422901,77.01060886,3252.5
43.0140337,77.01070073,3240.5
43.01356404,77.01079306,3212.4
43.01351279,77.01077509,3209.3
43.01301056,77.01078582,3180.3
43.0127003,77.01068058,3162.5
43.0124924,77.01060802,3151
43.01222939,77.01050442,3141
43.01182855,77.010256,3123.9
43.01153209,77.01004972,3112.8
43.01114843,77.00970773,3102.4
43.01074199,77.0094427,3090.5
43.01042,77.00930185,3085.1
43.01017209,77.00909481,3078.4
43.00984852,77.00894986,3071.2
43.00954633,77.00873442,3062.6
43.00911255,77.00854222,3051.5
43.00873165,77.00836432,3039.1
43.00842669,77.00814648,3030.4
43.00809872,77.00800916,3026.5
43.00771551,77.00781059,3024.1
43.0074638,77.00759183,3023.3
43.00710232,77.00731563,3025.1
43.00677348,77.00713991,3026.2
43.00638981,77.00692572,3029.9
43.00592028,77.0065704,3034.5
43.00564745,77.00641212,3039.6
43.00526474,77.00619742,3047.4
43.00493792,77.00600524,3053.1
43.00455643,77.00578475,3058.7
43.00415325,77.00563893,3065.1
43.00388091,77.00548314,3070.9
43.00353325,77.0053659,3079.4
43.00300558,77.00520796,3096.6
43.00247931,77.00505113,3115.3
43.00213611,77.00492392,3121.5
43.00182263,77.00491388,3127.3
43.00142136,77.00477374,3134.2
43.00094521,77.00467404,3143.3
43.00041501,77.00454468,3152.7
42.99989056,77.00440052,3164.4
42.99938988,77.00418025,3181.1
42.9992851,77.00411098,3184.4
42.99879533,77.00386806,3201.5
42.99851368,77.00376871,3212.4
42.99814551,77.00353798,3226.6
42.99760064,77.00327961,3248.8
42.99687258,77.00281323,3277.4
42.99640276,77.00252098,3294.4
42.99619561,77.00238878,3301.1
42.99593666,77.00222493,3308.4
42.99574889,77.00202468,3312.5
42.99555743,77.00183052,3315.6
42.99529015,77.00168215,3319.5
42.9949364,77.00140197,3326.3
42.99447945,77.00105737,3332.7
42.99413382,77.00076609,3338.8
42.99375218,77.00042286,3357.8
42.99347274,77.00014719,3371.3
42.99309342,76.99980587,3394.5
42.99285101,76.99962979,3411.1
42.99255463,76.99928733,3438.2
42.99246245,76.99921276,3445.7
42.99215935,76.99888383,3476.2
42.9917988,76.99839992,3519.5
42.99175316,76.99836355,3523.8
42.99146083,76.99803279,3554.5
42.99118032,76.99782591,3579.6
42.99112346,76.9976701,3590.6
42.99091463,76.99747632,3611.8
42.99056646,76.99713212,3637.7
42.99036625,76.99688317,3655.4
42.98990502,76.99654923,3684.5
42.98961323,76.99636306,3690.1
42.98940622,76.99624977,3692.9
42.98902038,76.99607026,3696.5
42.98864322,76.99588284,3697.6
42.98832784,76.99571576,3696.5
42.98796365,76.99551782,3693.1
42.98780715,76.99543326,3693.1
42.98753578,76.99529962,3695.7
42.98709917,76.9950232,3712.3
42.98681716,76.99483397,3726.7
42.98642798,76.99459129,3744.4
42.98602579,76.99424017,3764.1
42.98585032,76.9941087,3775.9
42.98552657,76.99383209,3801.4
42.98524421,76.99359241,3826.4
42.98481958,76.99332084,3850.3
42.98449572,76.99316174,3850.4
42.98401941,76.99291753,3849.4
42.98383099,76.99273747,3850
42.98343573,76.99244603,3850.6
42.98327965,76.99236298,3850.3
42.98301945,76.99222453,3849.7
42.98261631,76.991936,3849.8
42.98243249,76.99175327,3850.1
42.98222698,76.99164106,3850.3
42.98184593,76.99134292,3859.2
42.98153461,76.99117586,3865.9
42.98127478,76.99092707,3874.5
42.98103508,76.9907808,3878.5
42.98088454,76.9906955,3880.5
42.98063496,76.99055304,3884.6
42.98038431,76.99041103,3889.2
42.98003348,76.9902124,3896.3
42.9797324,76.99004233,3901.1
42.97943142,76.98987232,3906.6
42.97916213,76.98969278,3914.4
42.97893092,76.9895456,3923.2
42.97870038,76.98939859,3932.9
42.97851662,76.98928102,3941.3
42.97826971,76.98920297,3949.7
42.9785221,76.98862306,3975.7
42.9786439,76.98833533,3987.3
42.97886787,76.98783087,4004.8
42.9789508,76.98761843,4011.2
42.97909968,76.98719822,4021.2
42.97919719,76.98691891,4026.7
42.97931974,76.98657,4032.9
42.97946792,76.98658871,4026
42.97959551,76.98667647,4018.2
42.97979412,76.98672311,4008.4
42.98019377,76.98698463,3990.4
42.98053486,76.98735052,3978.1
42.98090034,76.98764679,3968.5
42.98142887,76.98796022,3954.2
42.98160639,76.98807845,3947.1
42.98191993,76.98828539,3939.7
42.98238901,76.98853288,3932
42.98275171,76.98872587,3927.1
42.98322692,76.98897079,3927.4
42.98369244,76.98921859,3916.5
42.98408489,76.98944586,3909.8
42.98443122,76.98969096,3888.4
42.98456126,76.98978331,3878.8
42.98493059,76.99007017,3853.3
42.98523024,76.99029046,3830
42.98544331,76.99044931,3813
42.98565993,76.99060758,3795.8
42.98601823,76.99085736,3765.9
42.98630294,76.99115208,3738.8
42.9865626,76.99146097,3709.7
42.98675793,76.99163552,3687
42.98701009,76.99183795,3662.5
42.98727217,76.99203692,3637.9
42.9873598,76.99210345,3629.8
42.9877495,76.99240777,3594.4
42.98814452,76.99271305,3561.9
42.98848115,76.99293549,3541
42.98887379,76.99318641,3526.8
42.98896276,76.99331393,3525.5
42.98922151,76.99346271,3521.6
42.98949786,76.99359984,3523.9
42.98972333,76.993706,3525.9
42.99014317,76.99399654,3531.4
42.99040501,76.99414277,3525.4
42.99061058,76.99426287,3521.2
42.99086514,76.99441461,3516.8
42.99106286,76.99459656,3518.5
42.99127239,76.9947137,3515
42.99158515,76.99489093,3509
42.99190268,76.99506401,3503.5
42.99235538,76.99534493,3493.6
42.99255802,76.99546914,3486.6
42.99286215,76.99565587,3475.9
42.99331357,76.9959423,3458.3
42.99366191,76.99616974,3435
42.99380837,76.99627083,3424.9
42.99404576,76.99644754,3408.5
42.99436143,76.99676542,3391.1
42.99459559,76.99699772,3377.9
42.99497059,76.99734387,3355
42.99544516,76.99776236,3325.1
42.99567594,76.99800492,3311.4
42.99613032,76.99831246,3287.3
42.99633571,76.99844559,3277.3
42.99679909,76.99874594,3254.4
42.9969538,76.99884657,3247.7
42.99731551,76.9990818,3231
42.99767829,76.99931773,3217.6
42.99799047,76.99951956,3207.9
42.99823481,76.99975246,3198.2
42.99866226,77.00000446,3185.3
42.99892799,77.00016566,3178.5
42.99924637,77.00036141,3168.6
42.99961847,77.00059019,3156.1
42.99977817,77.00068837,3149.8
43.0002618,77.00097282,3139.5
43.00061141,77.00107783,3138.4
43.00083048,77.00119443,3137.3
43.00118175,77.0012929,3138.5
43.0014017,77.00140652,3138.4
43.00180809,77.00153125,3138.5
43.00191789,77.00158799,3138.2
43.00213742,77.00170141,3137.6
43.00259626,77.00185896,3134.8
43.0028655,77.00201863,3128.4
43.00308108,77.00214648,3123.4
43.00340398,77.00234144,3115
43.00374711,77.00247279,3105.1
43.0041455,77.00263539,3092.7
43.0045815,77.00287959,3083.4
43.00487672,77.00295331,3080.3
43.00514943,77.00310398,3076.4
43.00525894,77.00316255,3075.2
43.00558686,77.00334351,3072.5
43.00572785,77.00351244,3069.3
43.0059234,77.00371168,3063.1
43.00628035,77.00403471,3044.3
43.00663764,77.00436522,3026.3
43.0067243,77.00451112,3023.5
43.00694253,77.00465146,3020.4
43.00728255,77.00500502,3017.1
43.00753484,77.00522374,3016.2
43.0078966,77.00549987,3016
43.00820329,77.0057413,3016.6
43.00847701,77.00587589,3018.7
43.00880485,77.00603629,3023.1
43.00928554,77.00609898,3029.4
43.00971072,77.00613499,3037.3
43.00994959,77.00615745,3041.8
43.01037125,77.00616859,3056.1
43.01073712,77.00615106,3069
43.01089741,77.00621522,3075.1
43.01131516,77.00622516,3088.1
43.01167943,77.00622337,3099.3
43.01196868,77.0062767,3107.3
43.01218239,77.00637942,3112.4
43.01239394,77.00647048,3116.8
43.01276305,77.00662938,3128.7
43.01287818,77.00685031,3134.5
43.01314893,77.00712906,3148.2
43.01331427,77.00736278,3157.2
43.01360076,77.00754418,3176.2
43.01378408,77.00769007,3189
43.01411644,77.00787558,3210.7
43.01434533,77.00802429,3227
43.01469448,77.0081335,3252.7
43.01489743,77.00821337,3268.7
43.01517195,77.00824233,3286
43.01542299,77.00833844,3301.4
43.0156429,77.00833721,3313
43.01581159,77.0083142,3321.5
43.01612627,77.0083396,3340.7
43.01628807,77.00815977,3346.3
43.01635289,77.00794917,3345.2
43.01650421,77.00745749,3341.6
43.01661483,77.00711371,3336.5
43.01672686,77.00677444,3331.3
43.01683994,77.00643677,3324.1
43.01690879,77.00623472,3319.5
43.01697741,77.00603331,3314.8
43.01718243,77.00556961,3308.2
43.01705735,77.00544253,3297.5
43.01683487,77.00528123,3279.4
43.01649495,77.0051644,3255.4
43.01619898,77.00505593,3234.5
43.01585052,77.00492503,3209.5
43.01559989,77.00482993,3194.1
43.01534616,77.00472657,3179
43.01488739,77.0045419,3154
43.01427071,77.00429296,3121.9
43.01403148,77.00410481,3110.6
43.01363234,77.00383825,3098.8
43.01354982,77.00372092,3093.3
43.01317871,77.00354762,3079.1
43.01296788,77.00345685,3068.8
43.01272746,77.00327582,3054.2
43.01192658,77.00291667,3026.4
43.01127649,77.00259172,3016.7
43.01100483,77.00245439,3013.8
43.01051625,77.00221663,3005.4
43.01008077,77.00200754,3000.7
43.00975154,77.00182404,3001.1
43.00920269,77.00151023,3009.6
43.00892803,77.0013425,3016.8
43.00865392,77.00118047,3023.9
43.00824865,77.00103091,3035
43.00757194,77.00069321,3068.6
43.00709434,77.00055313,3085.2
43.0063659,77.00022605,3103
43.00567019,77.00000803,3113.3
43.00505134,76.99974531,3123.8
43.00488869,76.99965292,3127.1
43.00459622,76.99957163,3132.9
43.00432595,76.99941557,3139
43.00400188,76.99922844,3145.9
43.00343918,76.99899586,3154.5
43.0028444,76.99865979,3162.1
43.0024438,76.99852171,3167.6
43.00201281,76.99827479,3173.1
43.00155695,76.99811063,3179.9
43.00118095,76.99789359,3186.8
43.00069876,76.99761207,3196.9
43.00003595,76.99731131,3210.8
42.99966082,76.99709613,3217.4
42.99910112,76.99686746,3225.7
42.99861626,76.99659696,3232.4
42.99824171,76.99638278,3238.7
42.99765575,76.99604361,3251.1
42.9972829,76.99582862,3258.9
42.99680322,76.99555355,3268.8
42.99627559,76.99524253,3282.1
42.99596017,76.99505544,3289.4
42.99566678,76.9947949,3299.3
42.99526938,76.99447211,3313
42.99487613,76.99414641,3325.7
42.99456623,76.99395711,3337.8
42.99407298,76.99356859,3354.4
42.99360076,76.99329465,3365
42.9933381,76.99314313,3370.3
42.99297065,76.99293117,3377.6
42.99249273,76.99266332,3384.3
42.99211772,76.99245754,3389.8
42.9915422,76.99212495,3398.5
42.99149034,76.99209449,3400
42.99129922,76.99190285,3403.5
42.99094099,76.99168686,3413
42.99068859,76.99153103,3420.6
42.99040214,76.99127454,3428.9
42.99009989,76.9910885,3440.3
42.98974651,76.99087269,3454.6
42.98930442,76.99059004,3477.3
42.98901359,76.99040077,3497.7
42.98853972,76.9900285,3538.7
42.98822868,76.9897992,3568.4
42.9880068,76.98963657,3589.3
42.98763106,76.98927367,3625.2
42.98730373,76.98894455,3656.7
42.98688528,76.98855656,3696.3
42.98659197,76.98833209,3722.6
42.9863382,76.98807835,3733.6
42.98595596,76.98777675,3745.1
42.98576413,76.98759416,3745.9
42.98541378,76.98732699,3752.5
42.98499585,76.98699317,3766.5
42.98469329,76.98677939,3792.3
42.98450938,76.98655432,3808.9
42.98422721,76.98633838,3836.4
42.98394079,76.98612525,3862.2
42.98365262,76.98591399,3885.9
42.98341975,76.98583507,3905.4
42.98324715,76.98571711,3922.9
42.9829415,76.98557777,3956.9
42.9826711,76.98543314,3989.7
42.98247137,76.98531415,4014.4
42.98238329,76.98522058,4023.1
42.98213524,76.98511192,4042.3
42.981938,76.98506669,4056.3
42.98165069,76.9849001,4079.9
42.9814593,76.98478912,4082.5
42.98112779,76.9846946,4082.1
42.98087142,76.98455832,4082.7
42.98054003,76.98439772,4083.6
42.98033822,76.98428808,4084.9
42.98009756,76.98414956,4086.6
42.97990315,76.98403915,4089
42.97971919,76.9836958,4094.1
42.97982428,76.98345202,4089.9
42.97995254,76.98313898,4082.6
42.980081,76.98282544,4075.9
42.98019396,76.98257976,4070.8
42.98037304,76.9822929,4062.4
42.98055532,76.9822387,4058.7
42.98078635,76.98227974,4056.6
42.98107256,76.98234803,4059
42.98137062,76.98234812,4060.9
42.98193318,76.98245426,4070.3
42.98217603,76.98256127,4076.5
42.98240049,76.9826023,4078.9
42.98262956,76.98274097,4069.5
42.9828197,76.98288315,4051.1
42.98309646,76.98311466,4017.1
42.98314359,76.98324207,4007.1
42.9832856,76.98335895,3985
42.98352655,76.98353235,3955.8
42.98388163,76.98379499,3912.7
42.98405876,76.98394462,3889.2
42.98423403,76.98409569,3864.1
42.98441049,76.98424775,3839
42.98462824,76.98443082,3810.6
42.98482094,76.98458283,3786.3
42.98498985,76.98470271,3765.8
42.98529614,76.9849119,3737.4
42.98555976,76.98509173,3715.9
42.98578099,76.98524215,3700
42.98615398,76.98548033,3677.9
42.98648333,76.98568897,3660.1
42.98662203,76.98577925,3652.9
42.98698318,76.98602312,3634.3
42.98721567,76.98617453,3621.2
42.98765383,76.98644355,3597.4
42.98773614,76.98657377,3594.8
42.98802032,76.98682218,3586.7
42.98825212,76.98704179,3580.5
42.98856557,76.9873276,3563.3
42.98875161,76.98745193,3549.6
42.98904983,76.98774532,3522.3
42.98935029,76.98797545,3496.5
42.98973698,76.98833915,3463.1
42.98988066,76.98843373,3451.4
42.99003527,76.988524,3441
42.99039636,76.98873486,3430.4
42.99077772,76.98887363,3419.6
42.99102933,76.98902783,3412.4
42.9915608,76.98926115,3395.8
42.99186658,76.98944599,3383.9
42.99224722,76.98958775,3371.5
42.99245223,76.98971114,3364.6
42.99268046,76.98976033,3359.6
42.99315467,76.99003179,3348.3
42.99326108,76.99009157,3346.6
42.99360286,76.99019677,3341.7
42.99397658,76.99040538,3336.4
42.99419018,76.99052462,3333.4
42.99464978,76.99086625,3328.2
42.99503319,76.99125275,3321.3
42.99560034,76.99165419,3314.1
42.99619173,76.99197988,3307.6
42.996566,76.99218906,3303.2
42.99681072,76.99241339,3299
42.99733907,76.99271968,3287.4
42.99765335,76.99290738,3280.2
42.99775935,76.992969,3277.8
42.99818527,76.99321229,3266.9
42.99858171,76.99334988,3259.4
42.99887173,76.99342626,3255.6
42.9991925,76.9936084,3249.5
42.99948111,76.99368707,3242.1
42.99992607,76.99386417,3230.2
43.00037174,76.99404198,3219.5
43.00071359,76.99415447,3212.3
43.00121964,76.9943538,3203.4
43.0013809,76.99444546,3200.6
43.00175694,76.99466033,3193.3
43.00213332,76.99487539,3185.9
43.00254271,76.99519389,3179
43.00273724,76.99538865,3174.9
43.00293049,76.99558713,3170.5
43.00319851,76.99574558,3164.3
43.00357522,76.9959647,3154.6
43.00400707,76.99621273,3144.9
43.00444098,76.99645526,3138.9
43.0045494,76.99651614,3137.8
43.00505937,76.9967161,3132.8
43.0054611,76.99685524,3126.2
43.0058959,76.99709541,3119.1
43.00605894,76.99718548,3116.7
43.00643943,76.99739667,3112.2
43.00678738,76.99750545,3108.3
43.00702657,76.99755239,3104.8
43.00718972,76.9976428,3102.5
43.00740733,76.99776496,3099.6
43.00780993,76.99790953,3089.8
43.00808194,76.99806864,3081.6
43.00824531,76.99816603,3076.4
43.00859474,76.99830768,3060.2
43.00900034,76.99847931,3039.3
43.00929627,76.99856164,3030
43.00962454,76.99874121,3026.4
43.01003048,76.99888509,3021.6
43.0102502,76.99901248,3015.5
43.01061332,76.99931395,3004.8
43.01072357,76.99937918,3001.7
43.01120965,76.99993519,2985.6
43.01133135,77.00018421,2982.1
43.01152964,77.00038223,2978.8
43.01183272,77.00061892,2978.5
43.01216963,77.00096599,2983.8
43.0124508,77.00127964,2990.6
43.01277461,77.00143821,2995.9
43.01302061,77.00163986,3002.7
43.01334251,77.0017951,3010.3
43.01350317,77.00187258,3015.1
43.01382406,77.00202784,3025.2
43.01419252,77.00219069,3037.4
43.0144537,77.0023028,3051
43.01471396,77.00241452,3065.2
43.01502315,77.002542,3082.5
43.01533351,77.00267674,3097.7
43.01548902,77.00274655,3105.4
43.01576923,77.00278822,3115.8
43.016152,77.00287721,3135.2
43.01637666,77.00288944,3145.5
43.01662563,77.00298597,3161.2
43.01684732,77.00299433,3175.3
43.01704387,77.0030685,3191.7
43.01728692,77.00315679,3211.5
43.01757735,77.00326244,3234.1
43.01786583,77.00336763,3254.6
43.01805716,77.00343739,3268.9
43.01817688,77.00325625,3266.4
43.01824408,77.00289471,3255.6
43.0182896,77.00260402,3246.6
43.01838357,77.00217926,3229.6
43.01840427,77.00179814,3212.7
43.01840081,77.00148291,3197.6
43.01829909,77.00127966,3187.1
43.01800725,77.00116191,3164.6
43.01781192,77.00108347,3149.8
43.01771398,77.00104413,3142.5
43.0174689,77.00094683,3124
43.0170779,77.00079743,3090
43.0168321,77.00070622,3068.7
43.0165091,77.00065838,3049.1
43.01614932,77.00049954,3029
43.01604599,77.00045352,3023.5
43.0157859,77.00033519,3010.4
43.01538714,77.00006184,2992.8
43.01480024,76.99977231,2976.3
43.01453345,76.99964314,2968.8
43.01418271,76.99939103,2956.4
43.01369587,76.99914441,2949.3
43.01320176,76.99887548,2953.6
43.01270067,76.99857827,2968.5
43.01242296,76.99841385,2977.2
43.01200267,76.99808154,2987.2
43.01178239,76.9979566,2991.4
43.01150805,76.99780532,2995.9
43.01123445,76.99765465,3000
43.01073876,76.99737086,3007.3
43.010465,76.99722196,3010.6
43.01002669,76.99698296,3013.8
43.00947824,76.99667676,3021.7
43.00887449,76.9963194,3038.8
43.00856818,76.99605475,3048.6
43.00824007,76.99587126,3056.8
43.0077152,76.99549979,3055.5
43.00746337,76.99528276,3052.8
43.00718922,76.99513691,3054.8
43.00686103,76.99495386,3058.3
43.00658822,76.99479591,3064.4
43.00615256,76.99454333,3077.3
43.0056092,76.99422503,3092.9
43.00550091,76.9941606,3096.4
43.00504675,76.99397615,3113.4
43.00453863,76.99376595,3125.1
43.0038971,76.99358134,3137.4
43.00344503,76.99340244,3146.9
43.00299502,76.99322179,3161.1
43.0024163,76.99305492,3184
43.00230994,76.99299087,3188.6
43.00194461,76.99275548,3206.9
43.0016607,76.99266597,3220.7
43.00144778,76.99254157,3226.3
43.00112877,76.99235524,3236.4
43.00070157,76.99211026,3250.5
43.00025499,76.99193792,3258
42.99982757,76.99169612,3264.9
42.99948715,76.99158648,3271.7
42.99938113,76.99152523,3274.4
42.99893456,76.99135555,3283.5
42.99861705,76.99117216,3290.6
42.998296,76.99099304,3296.4
42.99792121,76.99078445,3302.6
42.99760012,76.99060565,3307.4
42.99722993,76.99039337,3313.5
42.99696607,76.99024158,3318.9
42.99638093,76.98991228,3329
42.99606058,76.9897338,3332.2
42.99562997,76.98949821,3336.4
42.99515047,76.98923015,3342.1
42.99477823,76.98902128,3346
42.99440743,76.98881177,3351.3
42.99408886,76.98863327,3358.5
42.99364387,76.98828598,3374.9
42.99335488,76.98803053,3383.4
42.99301466,76.98774513,3394.4
42.99278195,76.98751897,3404.5
42.99245054,76.98723128,3416
42.99224651,76.9871101,3421.9
42.9920686,76.98691421,3429.4
42.99155649,76.98661401,3449.4
42.99101281,76.98621234,3466.3
42.99071305,76.98603109,3476.5
42.99041105,76.98585104,3486.2
42.99015566,76.98570255,3493.1
42.98982175,76.98542154,3504.6
42.98961643,76.98530328,3512.3
42.98929632,76.98502017,3527.5
42.98910438,76.98489958,3537.8
42.98871578,76.9846603,3560.1
42.98852321,76.98454069,3570
42.98818987,76.98433147,3586.9
42.98805058,76.9842415,3594.7
42.98758983,76.98394239,3623.8
42.98727718,76.98383798,3639.2
42.98718077,76.98377921,3644.7
42.98686085,76.98357169,3663.2
42.98677147,76.98351234,3668.4
42.98641518,76.98327574,3698.2
42.98610943,76.98306936,3730.4
42.98586036,76.98289218,3755.4
42.98558783,76.98268539,3788.8
42.98539843,76.98253836,3811.6
42.98528188,76.98235019,3832.3
42.9851141,76.98223511,3852.5
42.98503187,76.98217756,3862.3
42.9848079,76.98197386,3894.2
42.98467326,76.98185891,3912.6
42.9843828,76.98159286,3950.7
42.98417724,76.98145241,3972.9
42.98401062,76.98124308,3991.8
42.98374044,76.98104833,4012.8
42.98357316,76.9809375,4023.1
42.98336433,76.98082733,4033.4
42.98307678,76.98068926,4026.4
42.98272067,76.98052299,4015.2
42.98244383,76.98038421,4007.4
42.98212604,76.9802177,4004.6
42.98186189,76.98007876,4002.7
42.9815975,76.9799397,4001.3
42.98141822,76.97968972,3997.3
42.98145066,76.97955101,3994.5
42.98170656,76.97921814,3988.5
42.98194399,76.97895423,3982.6
42.9821498,76.97882931,3979.4
42.98246105,76.97876029,3976.4
42.98270405,76.97873296,3978.7
42.98300281,76.97873389,3983
42.98326367,76.97877892,3987.5
42.98345403,76.97886523,3996
42.98386626,76.97896911,4018.4
42.98418743,76.97904211,4034.2
42.98452625,76.97913999,4031.1
42.98477321,76.97920755,4025.7
42.98502005,76.97936978,4013.1
42.98521047,76.97940967,3999.8
42.98548445,76.97950413,3979
42.98577773,76.9796955,3952.5
42.98599353,76.979833,3933.9
42.98611865,76.97991551,3923.2
42.98652228,76.98009478,3891.8
42.98690043,76.98034505,3856.5
42.9872444,76.98056926,3825.3
42.98754083,76.98076645,3799.5
42.98788179,76.98099327,3771.4
42.98809567,76.98113586,3753
42.98832617,76.98127858,3733.5
42.98869485,76.98150783,3715.4
42.98878695,76.98156533,3710.8
42.98902811,76.98170909,3699
42.9895266,76.98199614,3677.2
42.9899376,76.98215554,3664.7
42.99021461,76.98233041,3644.1
42.99026061,76.98235965,3640.3
42.99043875,76.98247747,3624.8
42.99077783,76.98261214,3602.2
42.99096424,76.98273007,3590.6
42.99131677,76.98286466,3573.7
42.99160812,76.98304151,3555.3
42.99175945,76.98312936,3547.4
42.99224636,76.98331935,3529.5
42.99242356,76.98333451,3526
42.99265698,76.98348475,3514.5
42.9928473,76.98360481,3504.2
42.99321656,76.98374027,3488
42.99341488,76.98385971,3477.6
42.99366191,76.98400952,3466.4
42.99391038,76.98415958,3454.8
42.99437341,76.98442671,3439.2
42.99458441,76.98454427,3434.7
42.99476588,76.98473712,3426.3
42.99499777,76.98496047,3416.9
42.99517987,76.98515402,3412
42.99555961,76.98553647,3403.9
42.99585988,76.98578519,3400.5
42.99610935,76.98600303,3396.9
42.99635783,76.986221,3394.6
42.99670614,76.98650106,3392.9
42.99702504,76.98667759,3388.9
42.99713042,76.98673671,3387.6
42.99744969,76.98691323,3385
42.99788221,76.9871445,3381.4
42.99815159,76.98728922,3382.6
42.99850508,76.98756617,3377.5
42.99871231,76.98768746,3368.2
42.99896743,76.9878424,3359.2
42.99932619,76.98805989,3346.3
42.99937765,76.98809093,3343.9
42.99961516,76.98831849,3334
43.00005889,76.98867233,3314.2
43.0003726,76.98885757,3305.7
43.00083844,76.9891915,3302.3
43.00108822,76.9894086,3299.6
43.0014651,76.98961303,3292.3
43.00177402,76.98980739,3283.1
43.00213604,76.99003474,3265.7
43.00224114,76.99009781,3259
43.00253203,76.99036647,3237.4
43.00277035,76.99060565,3219.9
43.00303726,76.99095809,3197.6
43.00324682,76.99109163,3183
43.00372077,76.99139273,3152.8
43.00409569,76.99161761,3131.2
43.00433293,76.99166996,3123
43.00473391,76.99181267,3113.4
43.00502739,76.99189207,3107
43.00524469,76.99201596,3101.1
43.00564685,76.99215911,3091.2
43.00570137,76.99219018,3090.1
43.00597261,76.99234744,3083.8
43.00629834,76.99254153,3072.9
43.00670124,76.99269284,3055.9
43.00697395,76.9928543,3044.2
43.00732358,76.9929778,3031.5
43.00765292,76.99316156,3025.2
43.00800458,76.99326769,3022.1
43.00822425,76.99338726,3020.7
43.00854319,76.99339027,3015.8
43.00876281,76.99350984,3013.6
43.00900467,76.99355619,3010.5
43.00937887,76.99359223,3005.2
43.00973154,76.99370616,3002.1
43.01006089,76.99388438,3001.3
43.01038996,76.99406177,2999.8
43.01057718,76.99407864,2996.9
43.01101681,76.99432188,2990.6
43.0111273,76.99438521,2988.2
43.01156926,76.99463684,2978.6
43.01189979,76.99482088,2973.4
43.01233997,76.99506385,2968.4
43.0125599,76.99518509,2966.6
43.01288958,76.99536548,2965.4
43.01327386,76.99557549,2964.2
43.01354827,76.99572545,2962.9
43.01401031,76.99589224,2959.3
43.01441704,76.99602777,2951.9
43.01482944,76.99617677,2941.8
43.01518863,76.99629874,2934.2
43.0155233,76.9964902,2929.8
43.01557846,76.9965207,2929.2
43.01584866,76.99666109,2926.8
43.01618029,76.99700514,2928.5
43.01640814,76.99730192,2930.9
43.01660494,76.99749669,2932.4
43.0168521,76.99771279,2941.4
43.01701157,76.99779318,2947.1
43.01730087,76.99801525,2962.8
43.01748131,76.99817956,2975.5
43.01770728,76.99835771,2992.4
43.01790701,76.99844395,3004.1
43.01805693,76.99850955,3012.7
43.01844886,76.99862588,3025.5
43.01868371,76.99866354,3022.8
43.01897007,76.99872707,3020.6
43.01918743,76.9988469,3022.3
43.0194359,76.99890749,3013.7
43.01965979,76.99871286,2992
43.0198025,76.99838966,2966.9
43.01991734,76.99812984,2946.8
43.02000407,76.99793455,2931.8
43.0201465,76.99760356,2908.4
43.02031241,76.99736294,2890.7
43.02039203,76.99715377,2878.6
43.02055702,76.99674085,2856.1
43.02069093,76.99655882,2846.5
43.02078881,76.99592683,2824.5
43.02051978,76.99578424,2824.2
43.02046608,76.99575586,2824.6
43.02005683,76.99561977,2829.4
43.01966347,76.99539955,2842.3
43.01919362,76.99512097,2862.7
43.01878434,76.99487802,2877.2
43.01855765,76.99474839,2885.4
43.0180523,76.99446247,2900.3
43.01775155,76.99438233,2905.7
43.01739538,76.99427112,2912.2
43.01703946,76.99415998,2919.3
43.01647287,76.99410705,2928.6
43.01617309,76.99402738,2934
43.01576146,76.99388356,2940.9
43.01540932,76.99377762,2943
43.01529919,76.99371684,2943.9
43.01507936,76.99359612,2945.9
43.01483787,76.99355208,2946.5
43.01445319,76.99334106,2947.6
43.01382653,76.99308561,2951.1
43.01347498,76.99298156,2953
43.01320044,76.99283188,2955.2
43.01287115,76.99265243,2957.5
43.01243056,76.99241025,2960.7
43.01193375,76.99213415,2969.1
43.01157958,76.9920233,2974.3
43.01113714,76.99177231,2982.9
43.01086117,76.99161683,2988.4
43.01045364,76.99147871,2994
43.01012327,76.99129462,3000.1
43.00966096,76.99112515,3005.1
43.00908926,76.99090004,3009.5
43.00862727,76.9907365,3013.5
43.00827516,76.99062978,3015.7
43.00789034,76.9904145,3021.1
43.00753841,76.99030703,3025.5
43.00702177,76.99010828,3031.1
43.00652707,76.98983617,3037.5
43.00625318,76.98968113,3043.2
43.00587017,76.98946359,3050.4
43.00559708,76.98930808,3063.6
43.00532596,76.98914791,3077.1
43.00495104,76.98891545,3096.6
43.00473793,76.98878262,3110.7
43.00441832,76.98858644,3130.1
43.00398705,76.98833842,3150.9
43.00355554,76.98809281,3162.4
43.00296426,76.98775443,3178.6
43.00248522,76.98747418,3197.6
43.00227253,76.98735023,3199.3
43.00167288,76.98702558,3203.8
43.00140027,76.98687754,3209.4
43.00108196,76.98669265,3217.6
43.00055413,76.98638422,3239.2
43.00029213,76.98622995,3251
42.99999827,76.98597215,3261.9
42.99963702,76.98575463,3281.7
42.99945182,76.98555757,3293.4
42.99924708,76.98543367,3306.4
42.99894201,76.9852478,3325.6
42.99858969,76.98503089,3347.3
42.99813796,76.98475395,3375.4
42.99783267,76.98457241,3391.2
42.99725234,76.98431393,3421.1
42.99678392,76.98411427,3447.9
42.99653431,76.98396413,3456.5
42.99615625,76.98382928,3467.4
42.99589755,76.98368236,3478.2
42.99561304,76.98360907,3481.4
42.99529986,76.98343372,3486.4
42.99476309,76.98321293,3497.4
42.99438923,76.9830791,3509.8
42.99399027,76.9828437,3529.5
42.99379013,76.98272634,3538.3
42.99354769,76.9825789,3549.3
42.99319231,76.98237517,3561.8
42.99292328,76.98212772,3575
42.99272772,76.98201122,3584.8
42.99235461,76.98170741,3606.1
42.99196094,76.98147601,3618.1
42.99168928,76.9812317,3629.5
42.99139668,76.98105911,3645.1
42.99121964,76.980873,3657
42.99084979,76.98057278,3675.5
42.99062672,76.98043051,3692.6
42.99033743,76.98016143,3719.2
42.98999228,76.97993686,3753.8
42.98963997,76.97971335,3776.9
42.98929212,76.9794915,3812.8
42.98897474,76.97929745,3838.9
42.98860421,76.97907584,3858.6
42.98842357,76.97896581,3870.8
42.98823618,76.97885526,3884
42.9879611,76.97869035,3900.1
42.98770648,76.97862224,3907.4
42.98752964,76.97851335,3915.4
42.98726208,76.97835019,3933.4
42.98690442,76.97813322,3957
42.9865219,76.97789264,3987.1
42.98628011,76.97773474,4011.5
42.98595797,76.97752533,4042.6
42.98571182,76.97736823,4054.3
42.98562368,76.97731508,4054.9
42.98530358,76.97714723,4054.2
42.98489273,76.97694499,4042.3
42.9844888,76.97676231,4014.4
42.9842727,76.97674062,4001
42.98389398,76.97656116,3980.8
42.98363185,76.97651235,3971
42.98338741,76.97622861,3960.3
42.98339308,76.9759914,3958.5
42.98349131,76.97564322,3957.6
42.98351834,76.97533651,3955.8
42.98357833,76.97512772,3955
42.98367912,76.97477989,3954.8
42.98378065,76.97443225,3955.3
42.98386685,76.97415537,3955.8
42.98397588,76.97380985,3958.4
42.98403264,76.97343618,3960.6
42.98409682,76.97306501,3966.6
42.98425551,76.97266067,3977.3
42.98425751,76.97233531,3985.7
42.98444744,76.9721931,3994.8
42.98476561,76.97220272,4001.9
42.98523288,76.97237139,4008.7
42.98547862,76.97242199,4014.4
42.98599731,76.97261881,4025.9
42.98621526,76.9727355,4030.1
42.98675954,76.97295085,4034
42.98699057,76.97308167,4020.6
42.98752522,76.97331266,3986.4
42.98782017,76.97348612,3962.1
42.9880743,76.97363558,3940.6
42.98832966,76.97378576,3918.4
42.98887796,76.9741105,3867.2
42.98912912,76.97426026,3844
42.98953436,76.97449513,3811.7
42.98993342,76.97472856,3778.5
42.99041418,76.97501269,3737
42.99083799,76.97534563,3698.3
42.99121087,76.97565206,3664.1
42.99169959,76.97602091,3616.8
42.99190784,76.97622782,3597.8
42.99225205,76.97651628,3567
42.9925836,76.97688064,3538.2
42.99299426,76.9772044,3512.8
42.99345097,76.97763456,3485.4
42.99381421,76.97801004,3470.5
42.99412737,76.97835757,3456.4
42.99441558,76.97860453,3450.6
42.99465589,76.97882324,3447
42.99482598,76.9790863,3445.2
42.99533371,76.97952703,3451.1
42.99562528,76.97984929,3458.7
42.99571588,76.97998084,3462
42.99607806,76.98025849,3465.6
42.99680208,76.98073949,3461.8
42.99725019,76.98107482,3451.1
42.99745995,76.98119163,3444.8
42.99771962,76.98133786,3437.5
42.9981291,76.98157258,3424.6
42.9983843,76.98171979,3414.5
42.99879171,76.98195614,3391.7
42.99924643,76.98222409,3364.3
42.99965472,76.98246306,3342
42.99998626,76.98256891,3327.8
43.00045174,76.98283902,3303.8
43.00055552,76.98289943,3298.3
43.00102264,76.983171,3272.5
43.00136355,76.98345805,3248.4
43.00154619,76.98365585,3234.3
43.00170433,76.98374699,3225.2
43.00201732,76.9839316,3207.2
43.00246619,76.98428475,3179.2
43.00251827,76.98431609,3176.3
43.00278268,76.98447087,3162
43.00326219,76.98474913,3137.9
43.00336871,76.98481138,3133
43.00377852,76.98513153,3116.1
43.00421168,76.98537744,3104.4
43.00448377,76.98552973,3098.7
43.00504979,76.98576164,3083.9
43.00529077,76.98580784,3080.2
43.00613673,76.98574762,3079.7
43.00651126,76.98577403,3083.2
43.00693991,76.98583025,3084.7
43.00742225,76.98591796,3085.5
43.00780479,76.98613037,3080.1
43.00807812,76.98628201,3076.3
43.00857018,76.98655272,3070.9
43.00884372,76.9867035,3069.2
43.00917153,76.98688269,3068.4
43.00944481,76.98703264,3066
43.00966349,76.98715297,3064.2
43.01010063,76.98739302,3059.7
43.01026507,76.98748517,3056.6
43.01064909,76.98769985,3048.8
43.01108849,76.98794551,3039.5
43.0116167,76.98832865,3026.1
43.01194635,76.98851166,3022.5
43.01276834,76.98896438,3007.3
43.01321167,76.98921447,2996
43.01362211,76.98935776,2989.7
43.01403037,76.98949686,2984.3
43.01425106,76.98961932,2981.2
43.01452707,76.98977259,2977.1
43.01485889,76.9899572,2972.1
43.01541216,76.99026491,2963.1
43.0158511,76.99050599,2956.9
43.01607061,76.99062661,2955.1
43.01655372,76.99071667,2951.2
43.01674038,76.99073155,2949.5
43.01726004,76.99093187,2943
43.01763641,76.990965,2937.5
43.01782508,76.99098186,2933.5
43.01812739,76.99106328,2927
43.01835053,76.99118762,2922
43.01859703,76.9912377,2917
43.01887581,76.99139276,2911.1
43.01915497,76.99154822,2905.5
43.01933652,76.9918265,2899.9
43.01957408,76.99213616,2892.7
43.01980731,76.99244174,2886.3
43.02014931,76.99263487,2876.8
43.02035481,76.99239822,2873.8
43.02062453,76.99237219,2867.5
43.02072771,76.99269541,2861
43.02061952,76.99307808,2857.3
43.02024184,76.99375823,2854.5
43.01992274,76.99420257,2854
43.0197818,76.9944807,2851.8
43.01966013,76.99467908,2851.5
43.01937142,76.99522787,2854.5
43.01922617,76.99550071,2858
43.01891517,76.99601742,2870.2
43.01870961,76.99641771,2888.3
43.01851954,76.99689429,2916.3
43.01831961,76.99734937,2950.6
43.01813574,76.99782476,2975.4
43.01810978,76.99789293,2978.7
43.01793168,76.99837416,3000.9
43.01782993,76.99864713,3013.6
43.01760662,76.99910973,3035.2
43.01748314,76.99945356,3050.9
43.01730954,76.99993146,3065.5
43.01702603,77.00061915,3078.1
43.01681229,77.00109201,3085.2
43.01654814,77.00154254,3091.4
43.01635823,77.0019433,3101.6
43.01624086,77.00229041,3112.3
43.01607006,77.00260732,3119.8
43.01595143,77.00294773,3129.5
43.01578286,77.00326833,3135.8
43.01563834,77.00352104,3141.6
43.01537642,77.00411067,3156
43.01514266,77.00464469,3167.5
43.01495337,77.00503387,3173.8
43.0147013,77.00578422,3195
43.01454229,77.00626344,3202.4
43.014319,77.00682884,3205.1
43.01414648,77.00741314,3208
43.0139753,77.00800301,3203.4
43.01387243,77.00839298,3201.3
43.01370084,77.00898446,3199
43.01367908,77.00905667,3198.6
43.01352683,77.00956195,3198.3
43.01341777,77.00992011,3198.2
43.01329136,77.01037801,3194
43.01320722,77.01068436,3191
43.0130177,77.01137441,3179.1
43.01285074,77.01200144,3170.4
43.0126917,77.01235856,3164.6
43.01260507,77.01265282,3164.4
43.01244954,77.01313598,3169.2
43.01236081,77.01341165,3174.2
43.01217414,77.01379187,3183.5
43.01208478,77.01405854,3190.5
43.01189049,77.01428005,3196.5
43.01172643,77.01458678,3205.8
43.01159895,77.01460727,3207.1
43.01133372,77.01447869,3208.4
43.01106692,77.01433148,3210.2
43.01092818,77.0141664,3209.6
43.0107572,77.01389446,3208.5
43.01051081,77.0136563,3212.3
43.01013684,77.01343218,3220.2
43.00981876,77.01328987,3214.9
43.00959748,77.01305257,3200.1
43.00968509,77.0127883,3192.8
43.00990425,77.01211648,3173.1
43.01020497,77.01147623,3146.1
43.01041484,77.01104822,3126.5
43.01057882,77.01072257,3116
43.0109416,77.01019616,3104.7
43.01098636,77.01005509,3102.3
43.01114843,77.00970773,3102.4
43.01133275,77.00928385,3105.3
43.01159098,77.00880196,3109.9
43.01163474,77.00865553,3109.6
43.01177464,77.00837709,3111.5
43.01193653,77.0080273,3113.6
43.01215289,77.00771279,3116.3
43.01243414,77.00717412,3118.5
43.01278411,77.00655149,3130.3
43.01296288,77.00610794,3140.7
43.01328984,77.00556574,3149.7
43.01357736,77.00506622,3145.3
43.0137985,77.00477853,3136.1
43.01404356,77.00442402,3123
43.01431039,77.0039928,3112.6
43.01452168,77.00352251,3104.3
43.01456738,77.00338201,3101.1
43.01478047,77.00291548,3089.3
43.01487846,77.00279798,3088
43.01497179,77.00252103,3079.8
43.01511666,77.00226468,3072.4
43.01521041,77.0019869,3062.2
43.01538219,77.00166959,3053
43.01550423,77.00133338,3042.1
43.01567185,77.00084969,3025.7
43.01583809,77.00035918,3012.5
43.01602452,76.99978633,2999.2
43.01615926,76.99918739,2985.5
43.01620799,76.99904794,2981.6
43.01637696,76.9985542,2965.2
43.01657068,76.99798744,2946.8
43.01671476,76.99755707,2934.3
43.01690327,76.99697428,2924.4
43.01708714,76.99621744,2908.6
43.01711067,76.99614405,2906.9
43.01719559,76.9956703,2901.1
43.01734467,76.99512892,2902.7
43.01737671,76.99479282,2905.5
43.01745114,76.99430243,2911
43.01750302,76.99388778,2915.3
43.01765358,76.99335161,2919.8
43.01780046,76.9928115,2925.4
43.0179567,76.99228402,2926.3
43.01802457,76.99205895,2925.2
43.0181164,76.99132079,2925.9
43.01810542,76.99113904,2927.1
43.01816896,76.99047034,2930.1
43.01804468,76.99022492,2934.2
43.01793325,76.99016271,2936.6
43.01749354,76.98992068,2944.7
43.01737403,76.98967999,2944.8
43.0171767,76.98948379,2946.2
43.01701163,76.98939303,2947.9
43.01673644,76.9892414,2951.1
43.01640717,76.98905976,2953.6
43.01607834,76.98887946,2956.2
43.01600096,76.98892444,2956.8
43.01577844,76.98923926,2958.8
43.01556676,76.98973576,2961.5
43.01530164,76.99020353,2964.8
43.01521193,76.99050405,2965.3
43.01502249,76.99092444,2966.1
43.01481259,76.99142266,2964.8
43.01466876,76.99169404,2964.3
43.01455924,76.99207376,2961.5
43.01438559,76.99268523,2955.6
43.01425506,76.993144,2949.8
43.01405905,76.99383289,2944.3
43.01388266,76.99444154,2944.5
43.01386965,76.99469535,2946
43.01373264,76.99513966,2951.9
43.01360315,76.99575544,2962.6
43.01347429,76.99637056,2968.6
43.01343953,76.9966993,2970.7
43.01326108,76.99729806,2970.7
43.01322913,76.99763687,2968.6
43.01309796,76.99809636,2964.9
43.01301044,76.99840253,2963.3
43.01285753,76.99894035,2960.1
43.0127468,76.99932022,2960.9
43.01263402,76.99968885,2965.9
43.0124281,77.00033909,2974
43.01231496,77.00070446,2979.2
43.0121562,77.00121237,2989
43.0119728,77.00177779,3000.7
43.01180538,77.00211028,3007.4
43.01163837,77.00244276,3013.8
43.01147096,77.00277272,3020.2
43.01119242,77.00346522,3033.6
43.01102526,77.00379064,3040.1
43.01089113,77.00422141,3047.3
43.01072616,77.00456068,3047.3
43.01051787,77.00505481,3046.5
43.01025564,77.00552765,3045.2
43.01004769,77.00603074,3043.3
43.00993771,77.00640743,3043.7
43.00975152,77.0068357,3044
43.00968519,77.00705689,3044.8
43.00955241,77.00749629,3046.4
43.00941984,77.00793386,3049.1
43.00926531,77.00844393,3052.7
43.00919912,77.00866238,3055.5
43.0091428,77.00904129,3061.2
43.00898813,77.00952978,3070.7
43.00881151,77.01008106,3080.6
43.00862563,77.01049147,3084.2
43.00855981,77.01070845,3086.6
43.0084618,77.01083854,3084.8
43.00829791,77.01118573,3086.3
43.00807949,77.01151908,3083.2
43.00781723,77.01198234,3079.2
43.00768595,77.01240801,3082.5
43.00752208,77.01236119,3071.6
43.00730291,77.01229857,3061.5
43.00708274,77.01223828,3052.8
43.00658941,77.01201442,3040
43.00648052,77.01194933,3041.3
43.00598105,77.01147597,3049.7
43.00605815,77.01099468,3050.5
43.00614585,77.01070262,3049.9
43.00632156,77.01011885,3046.3
43.00647508,77.00960798,3042.5
43.00662862,77.00910017,3038
43.00678243,77.00858787,3033
43.00692533,77.00831942,3029.8
43.00703601,77.0079496,3027.5
43.00720052,77.00762223,3025.4
43.00738802,77.00720348,3023
43.00752072,77.0067575,3021.3
43.00777451,77.00611857,3018.6
43.00793982,77.00578013,3016.8
43.00805049,77.00540861,3015.5
43.0081939,77.00513577,3014.1
43.00832674,77.00468617,3011.5
43.00851446,77.00427235,3010.8
43.00884573,77.003587,3008.8
43.00889004,77.00343864,3008.1
43.00914449,77.00279543,3003.9
43.00935492,77.00230937,3002.9
43.00956472,77.00180734,3002.9
43.00987289,77.00117759,3005.6
43.00993907,77.00094854,3008.1
43.01014863,77.00044895,3008.9
43.01029236,77.00018223,3007.9
43.0104031,76.99980689,3007.8
43.01061332,76.99931395,3004.8
43.01095709,76.9983732,3002.9
43.01110115,76.99810623,3001.4
43.0113229,76.99735406,2998.8
43.01151086,76.99693422,2995.7
43.0115554,76.99678525,2994.9
43.01176803,76.99630017,2988.9
43.01185826,76.99600541,2985.5
43.01192599,76.99578417,2982.8
43.01197424,76.99520661,2976
43.01197766,76.99477821,2971.6
43.01206881,76.99448458,2967
43.01209535,76.99398205,2962.5
43.01220776,76.99360757,2958.7
43.01229721,76.99330644,2956.1
43.01245345,76.99277858,2957.3
43.01262824,76.99216484,2962.7
43.01273697,76.99178067,2967
43.01284512,76.99139598,2973.2
43.01299658,76.99085901,2982.6
43.01312615,76.99039939,2988.2
43.01323494,76.99001887,2991.7
43.01330147,76.98979298,2992.1
43.01348966,76.98937182,2991.3
43.01360056,76.98899532,2992.7
43.01370947,76.98861595,2996.3
43.0136859,76.9882508,3001.5
43.01342256,76.98828108,3004.5
43.01317699,76.98822938,3009.5
43.01295403,76.98810278,3015.1
43.01271247,76.98805642,3020
43.01244932,76.98808622,3024.1
43.01221977,76.98822317,3024.3
43.01209951,76.98842025,3022.9
43.01183695,76.98889049,3019.5
43.01167202,76.98923817,3017.9
43.01144993,76.98954867,3018.5
43.01138453,76.98977722,3016.3
43.01117794,76.99028447,3009.7
43.0111345,76.9904381,3006.5
43.01094856,76.99086736,2998.7
43.01079502,76.99140281,2992.4
43.01062989,76.99175425,2988.6
43.0104754,76.99228828,2984.6
43.01031939,76.99281449,2984.4
43.01016343,76.99334051,2987.4
43.01005139,76.99371115,2997.3
43.00994746,76.99424133,3010.1
43.0097697,76.99483947,3015.7
43.00957012,76.99551556,3017.5
43.00941478,76.99604004,3019.4
43.00928115,76.99648073,3024.2
43.00923665,76.99662742,3026.2
43.00911288,76.99722907,3034.2
43.00889173,76.99797305,3046.4
43.00879153,76.99852092,3048.8
43.0086369,76.9990463,3050.1
43.00853705,76.99961535,3045.7
43.00842652,76.99998977,3042.8
43.00822771,77.00066278,3040.8
43.00811716,77.00104248,3040
43.00800655,77.00142234,3038.2
43.00787358,77.00188254,3033.7
43.007807,77.00211697,3030.6
43.00757474,77.00269928,3026.4
43.0073654,77.00318872,3027.3
43.00717742,77.0036169,3028.1
43.00706585,77.00400257,3024
43.00685548,77.004506,3022
43.00674465,77.00488388,3020.5
43.00657976,77.00521865,3022.9
43.00646953,77.00558847,3025.9
43.00637043,77.00570886,3027.5
43.00623809,77.00615266,3029.5
43.00602935,77.0066341,3033.1
43.0057785,77.00725233,3042.7
43.00561502,77.00757906,3047.9
43.00547238,77.00784252,3050.6
43.00534031,77.00828782,3052.9
43.00517545,77.00862907,3055.7
43.00496809,77.00910854,3060
43.0048586,77.00947723,3061.5
43.00471531,77.00974991,3062.5
43.00460522,77.01012078,3063.5
43.00451919,77.01040283,3065.1
43.00433406,77.01080959,3069.6
43.00414882,77.01079028,3071.7
43.00381834,77.01063207,3073.1
43.00341391,77.01049915,3075.8
43.00312055,77.01041512,3081.1
43.00292683,77.01020663,3085.5
43.00298317,77.00979911,3084.7
43.00304924,77.00957581,3084.2
43.00314847,77.0090233,3084.8
43.00330163,77.00850622,3083
43.00341001,77.00814261,3081.5
43.00345332,77.00799734,3080.6
43.00362772,77.00741152,3076.9
43.00383558,77.0069247,3073.9
43.00403314,77.00625726,3069.7
43.00418606,77.00574247,3065.1
43.00438147,77.00508912,3057.7
43.00453529,77.00456992,3054.9
43.00469978,77.00423001,3054
43.00492616,77.00344362,3069.5
43.00508503,77.00288992,3080.7
43.00522929,77.00261006,3084.9
43.00545275,77.00184082,3093.7
43.00556416,77.00145743,3097.4
43.00565324,77.00115109,3100.1
43.00576426,77.00077027,3103.4
43.00595135,77.00034574,3106.1
43.00603994,77.00004187,3108.3
43.00619448,76.99951405,3109.8
43.00646832,76.99880108,3109.4
43.00667647,76.99830933,3108.9
43.00688463,76.99781868,3106.7
43.00712536,76.99701239,3099.8
43.00742027,76.9962455,3082.1
43.00752928,76.99589351,3071.8
43.0076605,76.99546975,3055.5
43.0077482,76.99518965,3044.7
43.00785831,76.99482777,3035.5
43.00792468,76.99460545,3033.1
43.00810175,76.9940113,3027
43.00826745,76.99366764,3022.5
43.00835624,76.99337382,3018.9
43.00850002,76.99311063,3013.4
43.00867793,76.99251818,3004.5
43.00877744,76.99239928,3003.3
43.00888863,76.99202428,3002.2
43.00909901,76.99152295,3001.6
43.00926477,76.99117209,3005.3
43.00941931,76.99063595,3013.2
43.00957351,76.99010007,3021.9
43.0096615,76.98979429,3027.8
43.00977111,76.98941086,3036.4
43.00995672,76.98897979,3045.5
43.01006596,76.98859849,3050.4
43.01023098,76.98825301,3051.9
43.01039618,76.98790821,3051.6
43.01046239,76.98768291,3052
43.01071629,76.98703867,3048.8
43.01088342,76.9866981,3045.4
43.01086244,76.98633743,3048.4
43.01071976,76.98617063,3051.9
43.01052232,76.98597352,3055.5
43.01032484,76.98577671,3058.4
43.00999651,76.98559522,3063.3
43.0096682,76.98541381,3069.2
43.0093946,76.98526249,3073.2
43.00891294,76.98516967,3079.5
43.00886861,76.98531822,3079.7
43.00872558,76.98558704,3080.7
43.00861527,76.98596314,3079.1
43.00838401,76.98653788,3071.3
43.00836192,76.98661367,3070
43.00815242,76.98711775,3060.7
43.0080859,76.98734717,3056.3
43.00788585,76.98803614,3043.3
43.00777483,76.98841461,3036.8
43.00758525,76.98927873,3028.6
43.00755121,76.98961263,3027.6
43.00740633,76.99032134,3026.9
43.00726162,76.9910284,3028.8
43.00717285,76.99132943,3033.1
43.0070961,76.99179914,3038.9
43.00692045,76.99238755,3047.1
43.00684269,76.99286471,3049.2
43.00670994,76.99331481,3050.9
43.00666574,76.99346447,3052.4
43.006578,76.99375893,3056.7
43.00649047,76.99405255,3060.3
43.00640305,76.99434545,3065.7
43.00622904,76.99492672,3079.4
43.00618627,76.99506646,3083.7
43.00610183,76.9953429,3094
43.00599441,76.99569709,3106.7
43.00585359,76.99595745,3115.3
43.00572295,76.99639731,3120.8
43.0054715,76.99703404,3125.4
43.00514454,76.99771342,3128.3
43.00489382,76.99834614,3132.7
43.00478507,76.99871349,3133.5
43.0046424,76.99898438,3135.3
43.00438999,76.99962765,3136.1
43.00424786,76.99989578,3136.5
43.00403962,77.00038846,3133.1
43.00383861,77.00107486,3127.2
43.00362955,77.00157071,3125.4
43.00341862,77.00207443,3120.3
43.00299285,77.00309665,3105.4
43.00294831,77.00325022,3103.4
43.00279129,77.0037841,3104.1
43.00256551,77.00433094,3109.9
43.00229704,77.00502305,3118.9
43.00227556,77.00509562,3119.5
43.0021038,77.00567577,3125.3
43.00190036,77.00614885,3130.9
43.00167099,77.00671268,3134.5
43.00146242,77.00720618,3134
43.00135075,77.00758568,3132.8
43.001261,77.00789098,3131.1
43.0011712,77.00819643,3129.4
43.00112599,77.00835022,3128.6
43.00088786,77.00872784,3131.5
43.00065261,77.0086674,3135.8
43.00052429,77.00867416,3138
43.0001767,77.00856754,3144.2
42.99985538,77.00837295,3149.8
42.99958632,77.00821567,3154.7
42.99942496,77.00812134,3158.2
42.99904866,77.00790136,3166.6
42.9989412,77.00783855,3168.7
42.99859549,77.00772885,3174.1
42.99840426,77.00752467,3178.9
42.99847474,77.00728891,3182.5
42.99856188,77.00678677,3190.7
42.99862226,77.00637235,3196.1
42.99871031,77.00607402,3198.3
42.9989426,77.00507431,3200.6
42.99904955,77.00470953,3196.5
42.99917433,77.00428057,3189.5
42.99927206,77.00393923,3184
42.99950337,77.00314687,3171.6
42.99962655,77.00272075,3163
42.9998518,77.00194275,3147.3
42.99993668,77.00165152,3141.5
43.00007763,77.00138634,3139.7
43.00016429,77.00109103,3139.6
43.00027486,77.000716,3142.7
43.00042392,77.00043122,3149.6
43.00059759,77.00006504,3157.8
43.00071721,76.99966795,3167.3
43.00092485,76.99897279,3179.3
43.00101202,76.99867652,3180.5
43.00112139,76.9983051,3182.2
43.00141544,76.9973167,3190.8
43.00152613,76.99694233,3193.2
43.0016684,76.99667367,3193.9
43.00190569,76.99586461,3188.3
43.00200279,76.99574786,3186.9
43.00227275,76.99504212,3183.5
43.00242652,76.99452073,3180.4
43.00265416,76.99396016,3174.3
43.00283507,76.99355491,3167.6
43.00316531,76.9930677,3154.9
43.00327162,76.99270353,3150.3
43.00343219,76.99236926,3145.4
43.00359467,76.99203037,3144
43.0037292,76.99157701,3146.3
43.0039185,76.99115176,3153
43.00414439,76.99039192,3160.9
43.00434866,76.98990854,3151.3
43.00445359,76.98954698,3139.4
43.00467468,76.98900064,3117.1
43.00473793,76.98878262,3110.7
43.00487578,76.98852424,3099.7
43.00514507,76.98781846,3082.4
43.00532893,76.98740582,3075.2
43.00551568,76.98698669,3070.7
43.00570444,76.98656328,3069.6
43.00579341,76.98626197,3070.4
43.0059365,76.98599207,3072.7
43.0061501,76.98548779,3089.1
43.00619582,76.98533439,3095.1
43.00638873,76.98490224,3111.4
43.00650107,76.98452397,3120.5
43.00666502,76.9841815,3125.8
43.00661123,76.98371828,3123.5
43.00630547,76.98346442,3130.3
43.00619732,76.98340327,3133.5
43.00592746,76.98325025,3142.6
43.00547615,76.98307996,3157.4
43.00510031,76.98286781,3173.3
43.004886,76.98274683,3180.2
43.00467168,76.9826259,3185
43.00443287,76.98258118,3188.3
43.00414469,76.98268725,3185.7
43.00404191,76.98280844,3180.8
43.00389168,76.9830809,3171.5
43.00377684,76.9834569,3160.3
43.00361124,76.98380105,3153.1
43.00345266,76.98432745,3142.9
43.00338408,76.98455374,3139.2
43.00320341,76.98515631,3131.8
43.00305009,76.98567951,3132.9
43.00285843,76.98634638,3146.9
43.00273831,76.98678215,3162.1
43.00265871,76.98707138,3175.2
43.00249842,76.98764946,3201.8
43.00233816,76.9882256,3222.4
43.00222217,76.98865091,3242.1
43.00208506,76.98914786,3266.7
43.00199316,76.98968492,3272.6
43.00186363,76.99012595,3277
43.00180649,76.9905275,3271.9
43.00174931,76.99092933,3267.1
43.00171377,76.99125776,3261.6
43.00162624,76.9915538,3258.2
43.00146654,76.99227743,3235.4
43.00137056,76.99258827,3226
43.00127531,76.99289803,3219.6
43.0010718,76.9935776,3210.6
43.00098418,76.99387475,3209.9
43.00083081,76.99439475,3209
43.00069986,76.99483959,3209.3
43.00059117,76.99520902,3210.6
43.00043025,76.99554668,3213.4
43.00020478,76.99610301,3216
43.00002027,76.99651695,3216.6
42.99979063,76.99708183,3215.8
42.99964883,76.99734929,3216
42.99946233,76.99776707,3215.1
42.99941711,76.99791831,3214.2
42.99925874,76.99844803,3209.5
42.99909131,76.99879691,3203.5
42.99892075,76.99915203,3197.1
42.99882687,76.99946164,3192
42.99864058,77.0000787,3185.6
42.99854472,77.0001931,3187.7
42.99839693,77.00070259,3193.1
42.99831388,77.00099026,3198.4
42.99818114,77.00146893,3211.1
42.99800882,77.00208613,3230
42.99793188,77.00236036,3237.7
42.99778269,77.00287133,3244.8
42.99763108,77.00338674,3246.6
42.99752239,77.00375579,3247.7
42.99745718,77.00397722,3247.8
42.99731753,77.00423958,3249.4
42.99711073,77.00472895,3250.4
42.99702225,77.00502744,3249.4
42.99688067,77.00529421,3247
42.99668341,77.00553613,3246.4
42.99648723,77.0057748,3248.7
42.99636897,77.00596449,3249.8
42.99615537,77.00626807,3252.3
42.99590766,77.00627357,3262.4
42.99565392,77.00609428,3274.8
42.99539506,77.00592652,3285.5
42.99530894,77.00559775,3292.7
42.99544429,77.00514578,3294.8
42.99558572,77.00465055,3293.6
42.99576117,77.00405761,3292.5
42.99589662,77.00360626,3295.9
42.99607703,77.00300526,3298.3
42.99616205,77.00271404,3299.1
42.99631239,77.00220149,3299.3
42.99635789,77.00205033,3299.3
42.99654587,77.00163084,3298.8
42.99662123,77.00135655,3295.1
42.99669783,77.00107983,3289.6
42.99688629,77.00062365,3272.3
42.9970285,77.00031948,3258.8
42.99715544,77.00007786,3247.3
42.99731469,76.99951165,3233
42.99760631,76.99892619,3221.2
42.99774046,76.99847545,3223
42.99799423,76.99763804,3232.4
42.9982168,76.99688994,3235.6
42.99833916,76.99626473,3237.8
42.9983516,76.99601123,3239.5
42.99857133,76.99526827,3241.2
42.99883491,76.99437701,3244.3
42.99894878,76.99399998,3246.9
42.9991311,76.99339704,3253.4
42.99924353,76.99302241,3256.8
42.99937788,76.99257417,3260.8
42.99948912,76.99220163,3263.4
42.99960131,76.99182794,3266.2
42.99969108,76.99152911,3270.7
42.99987984,76.99092073,3285.9
42.99992916,76.9905775,3296.9
42.99997194,76.99024267,3308
43.00012911,76.98972227,3316.8
43.00025426,76.98928653,3315.8
43.00033535,76.98899887,3310.2
43.00052427,76.98828974,3284.3
43.00066278,76.98778607,3264
43.00073973,76.98749904,3251.8
43.00085775,76.98706575,3235.7
43.00097624,76.98663087,3221.1
43.0010779,76.98626545,3210.9
43.001139,76.98604581,3204.7
43.00134636,76.9853096,3193.7
43.00150104,76.98478737,3196
43.00159533,76.98448577,3202.7
43.0017604,76.98395909,3215.4
43.00192221,76.98343542,3228.5
43.00191136,76.98307546,3242.6
43.00182641,76.98276042,3258.9
43.00181696,76.9824024,3272.8
43.00180379,76.98204637,3284.3
43.00186444,76.98164736,3292.8
43.0017958,76.98126351,3301.9
43.00168322,76.98102737,3311.3
43.00145724,76.98098241,3323.5
43.00136413,76.9810997,3326.1
43.00112085,76.98130464,3333.7
43.0009249,76.98153946,3337.2
43.00078014,76.9818042,3334.6
43.0003633,76.98234896,3325.9
43.00021582,76.98261493,3319.3
42.99999759,76.98310406,3306.9
42.9998738,76.98329701,3303.9
42.99968182,76.98371254,3299.5
42.99952318,76.98405043,3299.7
42.99930349,76.98460759,3306.7
42.99921946,76.98490112,3309.5
42.999074,76.98541364,3317.3
42.99901459,76.98563156,3320.8
42.99884358,76.98627981,3340.2
42.99877045,76.98656519,3350.3
42.99863953,76.9870653,3365.9
42.99854577,76.98742172,3375.3
42.9983881,76.98793786,3377.5
42.99829437,76.98823586,3373.5
42.99819838,76.98853602,3362.3
42.99807361,76.98891539,3346.4
42.99794721,76.98929716,3332.4
42.99784695,76.98960254,3323.3
42.99765961,76.9902035,3311.4
42.99754662,76.99057586,3308.1
42.99738882,76.99109714,3303.8
42.9971442,76.99191359,3297.5
42.99710073,76.99206118,3296.9
42.99695762,76.99275642,3293.5
42.99679783,76.99328092,3291.2
42.99672913,76.99350617,3289.2
42.99654785,76.99410504,3283.9
42.99650494,76.99425219,3283.3
42.99635298,76.99476881,3282.3
42.99622299,76.99521133,3283.4
42.99609301,76.99565382,3288
42.99597773,76.99607799,3293.6
42.99583733,76.99657949,3302.2
42.9957546,76.99686894,3306.9
42.99567343,76.99715645,3310.8
42.99557319,76.99751377,3315.9
42.99543839,76.99800631,3326.4
42.99528851,76.9985624,3339
42.99513758,76.9991185,3352.2
42.99503538,76.99947589,3354.7
42.99489225,76.99993618,3352.1
42.9947208,77.00047842,3340.6
42.99462553,77.00078439,3333.4
42.99448778,77.00123657,3332.1
42.99434451,77.00173782,3333.1
42.99426461,77.00202246,3335.8
42.99415704,77.00238812,3339.6
42.99403384,77.00281848,3342.9
42.99393049,77.00317814,3344.9
42.99377245,77.0035101,3348.8
42.99368853,77.00379928,3351.4
42.99355534,77.0040523,3356.1
42.99337616,77.00426454,3362.5
42.99313412,77.00427059,3372.5
42.99290514,77.0040259,3382.3
42.99274335,77.00375015,3389.4
42.9925628,77.00354396,3397.8
42.99246087,77.00305725,3402.5
42.99235809,77.00257167,3406.6
42.99233201,77.00199552,3399.6
42.99231587,77.00182794,3397.7
42.99228424,77.00149141,3397.1
42.99235868,77.00083726,3394.1
42.99251184,77.0001348,3404.2
42.99256659,76.99978693,3415.2
42.99269215,76.99940075,3427.4
42.99287567,76.99885201,3444.7
42.99308174,76.9982308,3463
42.99319633,76.9978597,3466.9
42.99341007,76.99732015,3462.1
42.99353355,76.99707562,3453.4
42.9936767,76.99676003,3442.5
42.99385577,76.99630611,3421.6
42.99393799,76.99596856,3409.4
42.99408342,76.99559851,3389
42.9943477,76.99498471,3356.4
42.99452604,76.99452705,3341.9
42.99466947,76.99402017,3334
42.99485286,76.99360855,3330.2
42.99500194,76.99309527,3327.4
42.99521606,76.99254803,3321.9
42.99539301,76.99214196,3317.3
42.99555647,76.99180199,3314.5
42.99566639,76.99143222,3315.5
42.99583487,76.99108816,3317.5
42.99599455,76.99056623,3322.4
42.99620862,76.9900739,3328.1
42.99638331,76.9894843,3332.1
42.99649247,76.98911586,3333.7
42.99664526,76.98860013,3334.9
42.996761,76.98822753,3340.3
42.99696294,76.98780457,3354.2
42.99711366,76.98735175,3369
42.99721331,76.98705112,3379.1
42.99740746,76.98645444,3392.7
42.99762955,76.98590116,3391.6
42.9976919,76.98568299,3389.6
42.99791843,76.98488328,3382.7
42.99796296,76.98473645,3383.1
42.99814095,76.98414956,3385
42.99824716,76.98378452,3384.2
42.99842289,76.98337707,3378.4
42.99858696,76.98279358,3375.7
42.99867701,76.98249999,3376.2
42.99879583,76.98213243,3384.9
42.99884248,76.98198578,3388.7
42.99898261,76.9815465,3399.9
42.99907336,76.98107876,3412.2
42.99914171,76.98086009,3417.7
42.9991794,76.98053959,3421.6
42.99927949,76.98000102,3425.7
42.99920803,76.97962255,3427.6
42.99908924,76.97938904,3430
42.99882289,76.9792428,3432.9
42.99850319,76.97906728,3435.1
42.99826961,76.97902322,3437.2
42.9979095,76.97899376,3441.1
42.99776383,76.97908144,3444.2
42.99734272,76.97927054,3448.8
42.99707595,76.97954652,3450.6
42.99688317,76.97977901,3453.7
42.99649491,76.98031748,3462.4
42.99639547,76.9806807,3468.2
42.99629102,76.9810436,3472.5
42.99616995,76.98147862,3476.4
42.9960479,76.98191332,3480.4
42.99590619,76.98241975,3485.8
42.99580886,76.98278048,3489.9
42.99568802,76.98321368,3490.6
42.99550902,76.9837269,3477.1
42.99527217,76.98439189,3449.2
42.99513574,76.98476461,3429.3
42.99498849,76.98532152,3399.9
42.99485281,76.98587797,3374.3
42.99480142,76.98620849,3364.6
42.9946767,76.98658295,3354.3
42.99462219,76.98698034,3353.6
42.99454401,76.98727085,3356
42.99444677,76.98763316,3359.1
42.9944176,76.98795453,3359.8
42.99428564,76.98839655,3360.8
42.99407187,76.98906907,3348.4
42.99392341,76.98952167,3342.9
42.99379498,76.98996269,3338.8
42.99362424,76.99055004,3342.3
42.99356264,76.99076863,3344
42.99344739,76.99119998,3350.7
42.99327238,76.99184731,3361
42.99323263,76.99199158,3362.6
42.99311257,76.99242492,3368.5
42.99299091,76.99285889,3376.2
42.99287591,76.99328701,3385.1
42.99273936,76.99360358,3400.4
42.99263831,76.9940735,3423.1
42.99251304,76.99437846,3442
42.99240898,76.99484723,3468.2
42.99226045,76.99551296,3507.3
42.99217411,76.99595977,3533.9
42.99211629,76.9962735,3549.4
42.99205166,76.99654149,3563.1
42.99195354,76.99689278,3567.6
42.99181451,76.99715275,3568.9
42.99163885,76.99768268,3561.2
42.99143408,76.99811037,3552.1
42.9912797,76.99838681,3546.4
42.99112993,76.99865897,3541.1
42.99093671,76.99925983,3525
42.99077216,76.99959756,3520.9
42.99059752,76.9999463,3516.3
42.9904781,77.00032164,3512.9
42.99034898,77.00057196,3515.5
42.99017866,77.00096516,3520.6
42.98996547,77.00131809,3532.8
42.98976142,77.00147662,3562.2
42.98961598,77.00147337,3584.3
42.98938036,77.00144704,3619.3
42.98918869,77.00141165,3646.3
42.98898709,77.00129077,3661
42.9887664,77.00100833,3667.4
42.98869361,77.00086974,3667
42.98871232,77.00033944,3654.4
42.98872708,76.99986187,3649.9
42.98884188,76.99926421,3651.8
42.98896817,76.99888798,3659.6
42.98910399,76.99850429,3671
42.9892257,76.99813333,3683.7
42.98941689,76.99759664,3699.3
42.9895183,76.99724456,3700.3
42.9896651,76.99680095,3699.1
42.98978486,76.99632758,3681
42.98987178,76.99588024,3659.3
42.98996405,76.99537136,3628.1
42.99008504,76.99501643,3602
42.990158,76.99462767,3571.8
42.99021941,76.99424549,3542.6
42.99027474,76.99386516,3517
42.99034139,76.99353165,3495.4
42.99042175,76.99318726,3477.1
42.99066268,76.99239004,3443.3
42.99085633,76.99155457,3413.5
42.99090505,76.99134466,3406.9
42.99107776,76.9908799,3391.3
42.99116013,76.99058865,3389
42.99129593,76.99032684,3386.4
42.99147324,76.98973691,3388.6
42.99178092,76.98895079,3395.7
42.99207031,76.98823758,3403.4
42.99233403,76.98760077,3413.2
42.99257578,76.98679389,3414.8
42.99274283,76.98638997,3408.9
42.99288846,76.98587911,3405.3
42.99317324,76.98517126,3415.9
42.99327152,76.98487518,3424.4
42.99347196,76.98435121,3449.9
42.99366699,76.98383163,3476.2
42.99372143,76.98368397,3483.8
42.9939774,76.98302061,3519.2
42.99417447,76.98250855,3547.2
42.99427828,76.98214852,3540.6
42.99436543,76.98178956,3534.2
42.99457864,76.98085182,3496.7
42.99469908,76.98034341,3478.8
42.99478683,76.97997899,3467
42.99489326,76.97954052,3454.5
42.99493091,76.97939422,3450.1
42.99506899,76.97888206,3441.1
42.99517242,76.97851656,3438.4
42.99517289,76.97809285,3440.6
42.99516114,76.97774427,3445.5
42.99512907,76.97746933,3450.2
42.99499047,76.97696423,3466.6
42.99473293,76.97664884,3480.5
42.99447989,76.97667804,3484
42.99435549,76.97686489,3480.7
42.99415906,76.97709616,3477.3
42.99394311,76.9774008,3474.5
42.99372719,76.97770561,3476.2
42.99354575,76.97811304,3478.5
42.99337559,76.97852218,3483
42.99315027,76.97914953,3495.4
42.9930105,76.97973256,3516.5
42.99282006,76.98035715,3546.2
42.99278893,76.98050177,3553.2
42.99264541,76.98122123,3583.9
42.99256163,76.98157938,3597.8
42.99236645,76.98222548,3589.9
42.99227998,76.98244317,3583.7
42.99212917,76.98298259,3552.2
42.99203589,76.9833784,3529.7
42.99186711,76.98399577,3505.7
42.99178455,76.98439371,3491.1
42.99167926,76.98486599,3475.7
42.99154333,76.98548224,3466.5
42.99148097,76.98587817,3462
42.99136866,76.98624425,3458.5
42.99122452,76.98668692,3452.8
42.99104783,76.98720738,3440.8
42.99092126,76.98758008,3432.8
42.99082808,76.98787554,3429.3
42.99065722,76.98846024,3425.6
42.99055127,76.98882531,3425.8
42.99044283,76.98919147,3426
42.99035341,76.9894857,3425.6
42.99024424,76.9898523,3426.2
42.99009476,76.99018275,3432.2
42.98993191,76.99058167,3442.9
42.98979694,76.99090349,3452.4
42.98960229,76.99144043,3467.9
42.98945782,76.99176605,3476.8
42.98932527,76.99226465,3485.9
42.98917105,76.992655,3496.2
42.9891383,76.99279392,3501.6
42.98900647,76.99310972,3517.5
42.98893601,76.99344833,3533.9
42.98885881,76.99384822,3560
42.9887714,76.99431065,3589.5
42.98875108,76.99443907,3597.8
42.98868031,76.9948863,3626.2
42.98860112,76.99539236,3663.7
42.98849289,76.99573865,3692.6
42.98843609,76.99616605,3725
42.98840444,76.9964081,3743.5
42.98831163,76.99685927,3767.7
42.98827617,76.99704865,3771.1
42.988191,76.99733141,3778.3
42.98803835,76.9978294,3779.8
42.98793459,76.9981805,3776.9
42.98781998,76.99854149,3772.7
42.98772606,76.99883226,3769.8
42.9875403,76.99910943,3778.4
42.98740382,76.9994159,3785
42.98716443,76.99976963,3808.7
42.9870561,76.9998222,3822.7
42.98676789,76.99984503,3861.3
42.98659313,76.99976026,3879.6
42.98646417,76.99943014,3884.2
42.98644839,76.99926874,3882.2
42.98646987,76.99891912,3875.5
42.98654425,76.99836674,3864
42.98665121,76.99796202,3855.1
42.98676588,76.99749711,3848
42.98682082,76.997239,3832.5
42.98682224,76.99689971,3815.6
42.98687984,76.9964733,3791.4
42.98698155,76.99595658,3758.5
42.9870467,76.99563119,3740.1
42.98709245,76.99537451,3727
42.98722051,76.99466298,3696
42.98731029,76.99431722,3684
42.98749687,76.9935618,3653.8
42.98754773,76.99317897,3637.1
42.98760283,76.99285063,3620.9
42.9877326,76.99223876,3594.6
42.98801486,76.9913564,3567.9
42.98821089,76.9906436,3559.5
42.98830882,76.99028684,3555
42.98848529,76.98964392,3549.6
42.98870502,76.98885533,3541.9
42.98874616,76.98871134,3540.2
42.98890615,76.98831462,3531.2
42.9889959,76.987959,3525.6
42.98916467,76.98749272,3514.1
42.98930964,76.9870985,3502.9
42.98954366,76.98647715,3495.5
42.98965378,76.98611246,3497.3
42.98989867,76.98555449,3500.5
42.98999205,76.98526188,3502.5
42.99009884,76.98489882,3508
42.99030866,76.98431027,3525.5
42.99042942,76.98401399,3537.6
42.99069251,76.98335264,3569.5
42.99079176,76.98306262,3580.2
42.99087097,76.98267107,3596
42.99092774,76.98235251,3611.8
42.99102121,76.98196213,3633.2
42.99114923,76.9815015,3649.6
42.99131755,76.98093035,3650.9
42.99135428,76.98078762,3649.2
42.99149101,76.98014301,3624.3
42.99159474,76.97963861,3605.6
42.99171306,76.97913295,3587.4
42.99176535,76.97891585,3582.3
42.99192322,76.97850978,3568.9
42.9920186,76.9781476,3561.8
42.9922463,76.97769551,3547
42.9922653,76.9776228,3545.8
42.99244665,76.97696995,3543.7
42.99255361,76.97660853,3545.6
42.99259639,76.97646397,3548.5
42.99269294,76.97617792,3554
42.9928427,76.97558176,3569.1
42.99289207,76.97527044,3578.6
42.99289372,76.97493276,3589.4
42.9927917,76.97470735,3596.9
42.99259189,76.97459583,3606.6
42.99242597,76.974586,3613.9
42.99193341,76.97489453,3632.4
42.99173191,76.97519822,3635.3
42.99146469,76.97571558,3642.7
42.99126394,76.97618789,3646.6
42.99117612,76.9763041,3650.4
42.9910737,76.97666273,3648.8
42.9908096,76.97750047,3661.7
42.99068483,76.97800381,3675.9
42.99063589,76.97821978,3681.3
42.99056592,76.9785066,3687.9
42.99047009,76.9788636,3696.3
42.99035573,76.97921855,3707.9
42.99028887,76.9796495,3720.7
42.99018503,76.98021909,3732.8
42.99001076,76.98078489,3738.2
42.98991571,76.98106815,3726.9
42.98973676,76.98149502,3705.3
42.98955673,76.98192434,3681.2
42.9893386,76.98242891,3652.3
42.98920689,76.98271971,3635.3
42.98892473,76.98355124,3594
42.98871852,76.98413383,3573.9
42.98859492,76.98449792,3568.4
42.98835949,76.98529273,3564.6
42.98814088,76.98608314,3572.1
42.98807204,76.98636735,3577.3
42.9880009,76.98665181,3582.8
42.98788011,76.98721298,3606.5
42.98781403,76.98755928,3620.5
42.9876956,76.98811533,3634.4
42.98755512,76.98861372,3643.1
42.98735296,76.98932576,3646.7
42.98717862,76.98996278,3654.3
42.98716021,76.9900331,3655.5
42.98706819,76.99038441,3663.7
42.98695103,76.99087011,3675.3
42.98688253,76.99114787,3679.4
42.98683036,76.99135636,3682.6
42.98667144,76.99198194,3697.8
42.98660154,76.99231902,3707.5
42.98651273,76.9926655,3718.5
42.98644347,76.99294137,3726.3
42.98642617,76.99301028,3728.2
42.98630657,76.99349134,3739.8
42.98623846,76.99376561,3746.2
42.98618744,76.99397106,3750.7
42.98611527,76.9943052,3758.9
42.98601881,76.99476862,3773.2
42.98588063,76.99519599,3791.7
42.98576912,76.99543426,3807.3
42.98572333,76.9957472,3821.9
42.98565909,76.99584046,3829.6
42.98554934,76.99618853,3850.2
42.98550337,76.99638652,3860.8
42.98539322,76.99673247,3881.6
42.98530084,76.99700931,3899.1
42.98520166,76.99723516,3912.8
42.98497258,76.99770781,3930.6
42.98475321,76.99760947,3923.7
42.98450315,76.99735892,3909.9
42.98432267,76.99695544,3890.4
42.98415143,76.99654214,3870.7
42.98408762,76.99600428,3853.1
42.984108,76.99593452,3852.1
42.98420589,76.99529986,3844.7
42.98437095,76.99474,3840.1
42.98447454,76.99438972,3839.5
42.98457952,76.99403871,3840.1
42.98469573,76.99368169,3844.6
42.98491949,76.99320488,3852.5
42.98520095,76.99246246,3845.4
42.98534757,76.99202535,3832
42.98556344,76.99148524,3812.7
42.9857634,76.99083717,3788.8
42.9858994,76.99046021,3774.2
42.98613168,76.98966955,3751.4
42.98665637,76.98846649,3715.6
42.9868365,76.98793999,3696.3
42.98702125,76.9872155,3663.8
42.98717397,76.98662563,3631
42.98724663,76.98627531,3620.5
42.9874377,76.98573663,3602.2
42.98759546,76.98516319,3596.6
42.98769746,76.98497888,3593.6
42.98793802,76.98425335,3599.3
42.98798094,76.9841093,3601.4
42.98822723,76.98328043,3625
42.98834987,76.98281619,3648.6
42.98857091,76.98223976,3676.3
42.98876774,76.98173745,3700.4
42.98892313,76.98127965,3728.4
42.98919739,76.98064216,3764.4
42.98928016,76.98043079,3770.5
42.98943037,76.98000876,3780.3
42.98958024,76.97958784,3784.4
42.98968934,76.97923678,3781.4
42.9898138,76.97874237,3772.1
42.98983738,76.97852653,3771
42.98996663,76.97795663,3755.8
42.99002442,76.97750147,3750.2
42.99010393,76.97704995,3749
42.99012443,76.97697918,3747.8
42.99027667,76.97641001,3736.1
42.99036685,76.97605265,3729.4
42.99039618,76.97566336,3730.8
42.99040551,76.97542172,3732.9
42.99051999,76.97482562,3731.7
42.99053083,76.9744176,3737.6
42.99050124,76.97415221,3744.1
42.99033464,76.97380879,3760
42.99019681,76.97373021,3770.5
42.99001432,76.97403583,3780.2
42.98989334,76.97429456,3786.4
42.98967424,76.97474091,3798.8
42.98955878,76.97500005,3806
42.98952255,76.97514227,3808.4
42.98935254,76.97561339,3821.1
42.98925607,76.97580022,3829.1
42.98917571,76.97615648,3838.9
42.98902232,76.97662784,3858
42.98889098,76.97702761,3876.9
42.98882708,76.97738316,3889
42.98855602,76.97817277,3911.4
42.9884327,76.97851714,3904.3
42.98810928,76.97913059,3865.4
42.98777774,76.97996613,3829.1
42.98750888,76.9805694,3810.6
42.98737615,76.98092111,3799.6
42.98726085,76.98120338,3789.4
42.98711834,76.98155726,3776.8
42.98698208,76.98191216,3761.8
42.9868151,76.98233963,3741.7
42.98662204,76.98277114,3720.9
42.9863193,76.98356244,3693.4
42.98603124,76.98449223,3689.7
42.98582592,76.98527235,3696.8
42.9857235,76.98569488,3705.9
42.98560302,76.98618716,3717.1
42.98544292,76.98640783,3729.1
42.98530631,76.98703323,3749.7
42.98521177,76.98757904,3770.6
42.98510064,76.98795456,3792.3
42.98499319,76.98849873,3817.7
42.98490497,76.98873622,3830.8
42.98469738,76.98957813,3865.8
42.98457675,76.99011961,3877.8
42.98444259,76.99043231,3880.8
42.98418396,76.9909799,3878.6
42.98390532,76.99153795,3861.5
42.98380795,76.99182417,3856.5
42.98360209,76.99229113,3852.1
42.98337639,76.99282772,3847.4
42.98330565,76.99304218,3845.2
42.98305825,76.99341698,3840.2
42.98289029,76.99374632,3836.8
42.98272454,76.99407477,3833.4
42.98255932,76.99440316,3829.5
42.98237257,76.99480244,3823.7
42.98225214,76.99498884,3820.5
42.98208292,76.99531996,3813
42.98195462,76.99551087,3808.2
42.9817018,76.99583245,3799.5
42.98141869,76.99605543,3791.1
42.98095685,76.99626591,3779
42.9808099,76.99611723,3777.7
42.98080988,76.99559155,3783.9
42.98083625,76.9955179,3785
42.98084089,76.99516571,3790.6
42.98087298,76.99485477,3794.6
42.98090335,76.99454471,3796.8
42.98095503,76.99416376,3799.8
42.98098541,76.99385363,3802.5
42.98113488,76.99324458,3811.3
42.98124018,76.99277898,3821.7
42.98150715,76.99187671,3842.2
42.98171207,76.99136107,3859
42.98186234,76.99099241,3871.2
42.98203129,76.99055582,3880.9
42.98220279,76.99022816,3887.1
42.98231708,76.9898751,3893.7
42.98254882,76.98933948,3899.8
42.98301966,76.9885843,3937
42.98323305,76.9881842,3947.8
42.98338666,76.98773846,3938.3
42.98353502,76.98722863,3916.1
42.98360304,76.98688949,3904.9
42.98370592,76.98658124,3890.8
42.98384133,76.98613394,3871.6
42.98401877,76.9855443,3853.5
42.98414677,76.98522659,3843.1
42.98431842,76.98470066,3835.6
42.98446176,76.98437904,3829.8
42.98457488,76.98402606,3829.7
42.98483707,76.98335057,3828.6
42.98498799,76.9829592,3827
42.98531471,76.98227919,3834.4
42.98569652,76.98149237,3858.3
42.98592261,76.98109917,3869.8
42.986229,76.98042882,3890.3
42.98633939,76.98015055,3899
42.98656904,76.97969251,3908.5
42.98681618,76.97909531,3920.9
42.98695685,76.97867986,3930.4
42.98712777,76.97826871,3942.4
42.98724682,76.97799638,3953.1
42.98741379,76.97758803,3970.5
42.98753845,76.97724669,3976.6
42.98771839,76.9768621,3972.1
42.98790867,76.97625977,3957.7
42.98807164,76.97572229,3940.5
42.98814934,76.9753695,3932.1
42.98833224,76.97475777,3914.1
42.98848738,76.97428626,3900.4
42.98856647,76.9740066,3895.7
42.98866536,76.9736569,3892.1
42.98870493,76.97351698,3890.9
42.98885638,76.97295437,3885.8
42.98890488,76.97257629,3885.8
42.98894561,76.97219463,3879.2
42.98885801,76.9719028,3884.2
42.98874429,76.97175749,3894.4
42.98856177,76.97173422,3913.2
42.98833322,76.97192574,3936.7
42.98817382,76.97215757,3950.5
42.98788004,76.97271407,3968.4
42.98744416,76.97342641,3991.1
42.98719321,76.97407719,4005.7
42.98698067,76.97451206,4023
42.98689903,76.97486084,4032
42.98682494,76.97497494,4038.4
42.98674607,76.97532335,4042.6
42.98654294,76.97584564,4046.1
42.98634583,76.9762962,4043.6
42.98615831,76.97674881,4046.4
42.98611271,76.97688484,4045.8
42.98591786,76.97749925,4046.3
42.98562535,76.97805972,4036.5
42.98538274,76.97857772,4027.5
42.98528656,76.97885106,4020.4
42.98502005,76.97936978,4013.1
42.98483654,76.9797548,4001.9
42.98467253,76.98007126,3995.9
42.98456407,76.98034651,3989
42.98442188,76.98059474,3987.2
42.98423101,76.9811475,3979.8
42.98414685,76.98125788,3982.1
42.98405251,76.98153471,3980.1
42.98394919,76.98188043,3976.3
42.98373742,76.98240568,3978.3
42.98363813,76.98275114,3976.7
42.98347672,76.98323696,3972.1
42.98325026,76.98393155,3968.6
42.98309542,76.98441801,3970.5
42.9829672,76.98483456,3972.3
42.98291181,76.98504142,3972.6
42.98270323,76.98563221,3980.2
42.98260852,76.98597681,3982.6
42.98244533,76.98649144,3989.3
42.98241123,76.98662805,3988.6
42.98228591,76.98704288,3983.5
42.98202138,76.98768579,3964.5
42.98168675,76.98830967,3937.1
42.98151261,76.98880549,3926.1
42.98136303,76.98923139,3917
42.98124237,76.98941503,3914.6
42.98105448,76.98991759,3903.5
42.98084456,76.99032071,3892
42.98076395,76.99053703,3885.2
42.98053941,76.99094682,3871.1
42.98033852,76.99145869,3852
42.98007502,76.99194868,3835.4
42.97988769,76.99222322,3823.4
42.97969649,76.9925,3808.5
42.97958542,76.99279423,3799.4
42.97937349,76.99320536,3785.3
42.97927099,76.99349689,3778.9
42.97914338,76.99386152,3772.9
42.97906674,76.99408055,3770.3
