{
    "id": "20161224_180421_0e16",
    "type": "Feature",
    "geometry": {
        "type": "Polygon",
        "coordinates": [
            [
                [
                    -121.41928571945024,
                    35.8612784314021
                ],
                [
                    -121.41928571945593,
                    35.8612784314021
                ],
                [
                    -121.43701594343467,
                    35.86136715645954
                ],
                [
                    -121.43695679339636,
                    35.86957422427552
                ],
                [
                    -121.41947795707476,
                    35.86961858680425
                ],
                [
                    -121.41928571945024,
                    35.8612784314021
                ]
            ]
        ]
    },
    "properties": {
        "acquired": "2016-12-24T18:04:21.417624Z",
        "anomalous_pixels": 0,
        "cloud_cover": 0.06,
        "ground_control": true,
        "gsd": 4,
        "instrument": "PS2",
        "item_type": "PSScene",
        "pixel_resolution": 3,
        "provider": "planetscope",
        "published": "2021-01-28T15:35:42Z",
        "publishing_stage": "finalized",
        "quality_category": "standard",
        "satellite_azimuth": 181.8,
        "satellite_id": "0e16",
        "strip_id": "340575",
        "sun_azimuth": 149.5,
        "sun_elevation": 24.2,
        "updated": "2021-01-28T15:35:42Z",
        "view_angle": 0.1
    }
}