{
    "id": "20161125_180305_0e0f",
    "type": "Feature",
    "geometry": {
        "type": "Polygon",
        "coordinates": [
            [
                [
                    -121.41928571945024,
                    35.8612784314021
                ],
                [
                    -121.41928571945593,
                    35.8612784314021
                ],
                [
                    -121.43701594343467,
                    35.86136715645954
                ],
                [
                    -121.43695679339636,
                    35.86957422427552
                ],
                [
                    -121.41947795707476,
                    35.86961858680425
                ],
                [
                    -121.41928571945024,
                    35.8612784314021
                ]
            ]
        ]
    },
    "properties": {
        "acquired": "2016-11-25T18:03:05.615572Z",
        "anomalous_pixels": 0,
        "clear_confidence_percent": 83,
        "clear_percent": 100,
        "cloud_cover": 0.0,
        "cloud_percent": 0,
        "ground_control": true,
        "gsd": 3.9,
        "heavy_haze_percent": 0,
        "instrument": "PS2",
        "item_type": "PSScene",
        "light_haze_percent": 0,
        "pixel_resolution": 3,
        "provider": "planetscope",
        "published": "2021-01-28T09:40:56Z",
        "publishing_stage": "finalized",
        "quality_category": "standard",
        "satellite_azimuth": 182.6,
        "satellite_id": "0e0f",
        "shadow_percent": 0,
        "snow_ice_percent": 0,
        "strip_id": "305077",
        "sun_azimuth": 151,
        "sun_elevation": 27.6,
        "updated": "2021-01-28T09:40:56Z",
        "view_angle": 0.7,
        "visible_confidence_percent": 83,
        "visible_percent": 100
    }
}