{
    "id": "20161002_180032_0e26",
    "type": "Feature",
    "geometry": {
        "type": "Polygon",
        "coordinates": [
            [
                [
                    -121.41928571945024,
                    35.8612784314021
                ],
                [
                    -121.41928571945593,
                    35.8612784314021
                ],
                [
                    -121.43701594343467,
                    35.86136715645954
                ],
                [
                    -121.43695679339636,
                    35.86957422427552
                ],
                [
                    -121.41947795707476,
                    35.86961858680425
                ],
                [
                    -121.41928571945024,
                    35.8612784314021
                ]
            ]
        ]
    },
    "properties": {
        "acquired": "2016-10-02T18:00:32.612423Z",
        "anomalous_pixels": 0,
        "clear_confidence_percent": 92,
        "clear_percent": 100,
        "cloud_cover": 0.0,
        "cloud_percent": 0,
        "ground_control": true,
        "gsd": 4,
        "heavy_haze_percent": 0,
        "instrument": "PS2",
        "item_type": "PSScene",
        "light_haze_percent": 0,
        "pixel_resolution": 3,
        "provider": "planetscope",
        "published": "2021-01-27T22:45:32Z",
        "publishing_stage": "finalized",
        "quality_category": "standard",
        "satellite_azimuth": 182.7,
        "satellite_id": "0e26",
        "shadow_percent": 0,
        "snow_ice_percent": 0,
        "strip_id": "258189",
        "sun_azimuth": 140,
        "sun_elevation": 42.2,
        "updated": "2021-01-27T22:45:32Z",
        "view_angle": 0.8,
        "visible_confidence_percent": 93,
        "visible_percent": 100
    }
}