{
    "id": "20161112_180232_0e30",
    "type": "Feature",
    "geometry": {
        "type": "Polygon",
        "coordinates": [
            [
                [
                    -121.41928571945024,
                    35.8612784314021
                ],
                [
                    -121.41928571945593,
                    35.8612784314021
                ],
                [
                    -121.43701594343467,
                    35.86136715645954
                ],
                [
                    -121.43695679339636,
                    35.86957422427552
                ],
                [
                    -121.41947795707476,
                    35.86961858680425
                ],
                [
                    -121.41928571945024,
                    35.8612784314021
                ]
            ]
        ]
    },
    "properties": {
        "acquired": "2016-11-12T18:02:32.992534Z",
        "anomalous_pixels": 0,
        "clear_confidence_percent": 85,
        "clear_percent": 100,
        "cloud_cover": 0.0,
        "cloud_percent": 0,
        "ground_control": true,
        "gsd": 3.9,
        "heavy_haze_percent": 0,
        "instrument": "PS2",
        "item_type": "PSScene",
        "light_haze_percent": 0,
        "pixel_resolution": 3,
        "provider": "planetscope",
        "published": "2021-01-28T07:42:01Z",
        "publishing_stage": "finalized",
        "quality_category": "standard",
        "satellite_azimuth": 179.5,
        "satellite_id": "0e30",
        "shadow_percent": 0,
        "snow_ice_percent": 0,
        "strip_id": "291141",
        "sun_azimuth": 150,
        "sun_elevation": 30.5,
        "updated": "2021-01-28T07:42:01Z",
        "view_angle": 0.5,
        "visible_confidence_percent": 73,
        "visible_percent": 100
    }
}