{
    "id": "20161005_180122_0e16",
    "type": "Feature",
    "geometry": {
        "type": "Polygon",
        "coordinates": [
            [
                [
                    -121.43700751769455,
                    35.862536227900485
                ],
                [
                    -121.43048355717914,
                    35.861334467287286
                ],
                [
                    -121.43701594343467,
                    35.86136715645954
                ],
                [
                    -121.43700751769455,
                    35.862536227900485
                ]
            ]
        ]
    },
    "properties": {
        "acquired": "2016-10-05T18:01:22.392579Z",
        "anomalous_pixels": 0,
        "clear_confidence_percent": 99,
        "clear_percent": 100,
        "cloud_cover": 0.0,
        "cloud_percent": 0,
        "ground_control": true,
        "gsd": 4,
        "heavy_haze_percent": 0,
        "instrument": "PS2",
        "item_type": "PSScene",
        "light_haze_percent": 0,
        "pixel_resolution": 3,
        "provider": "planetscope",
        "published": "2021-01-27T23:19:52Z",
        "publishing_stage": "finalized",
        "quality_category": "standard",
        "satellite_azimuth": 209.2,
        "satellite_id": "0e16",
        "shadow_percent": 0,
        "snow_ice_percent": 0,
        "strip_id": "260904",
        "sun_azimuth": 141.2,
        "sun_elevation": 41.5,
        "updated": "2021-01-27T23:19:52Z",
        "view_angle": 1.6,
        "visible_confidence_percent": 99,
        "visible_percent": 100
    }
}