{
    "id": "20170415_180014_1029",
    "type": "Feature",
    "geometry": {
        "type": "Polygon",
        "coordinates": [
            [
                [
                    -121.41928571945024,
                    35.8612784314021
                ],
                [
                    -121.41928571945593,
                    35.8612784314021
                ],
                [
                    -121.43701594343467,
                    35.86136715645954
                ],
                [
                    -121.43695679339636,
                    35.86957422427552
                ],
                [
                    -121.41947795707476,
                    35.86961858680425
                ],
                [
                    -121.41928571945024,
                    35.8612784314021
                ]
            ]
        ]
    },
    "properties": {
        "acquired": "2017-04-15T18:00:14.105627Z",
        "anomalous_pixels": 0.01,
        "cloud_cover": 0,
        "ground_control": true,
        "gsd": 4,
        "instrument": "PS2",
        "item_type": "PSScene",
        "pixel_resolution": 3,
        "provider": "planetscope",
        "published": "2021-02-08T19:25:50Z",
        "publishing_stage": "finalized",
        "quality_category": "standard",
        "satellite_azimuth": 174.1,
        "satellite_id": "1029",
        "strip_id": "467871",
        "sun_azimuth": 124.4,
        "sun_elevation": 51.5,
        "updated": "2021-02-08T19:25:50Z",
        "view_angle": 0.7
    }
}