{
    "id": "20170716_180609_0f25",
    "type": "Feature",
    "geometry": {
        "type": "Polygon",
        "coordinates": [
            [
                [
                    -121.41928571945024,
                    35.8612784314021
                ],
                [
                    -121.41928571945593,
                    35.8612784314021
                ],
                [
                    -121.43701594343467,
                    35.86136715645954
                ],
                [
                    -121.43695679339636,
                    35.86957422427552
                ],
                [
                    -121.41947795707476,
                    35.86961858680425
                ],
                [
                    -121.41928571945024,
                    35.8612784314021
                ]
            ]
        ]
    },
    "properties": {
        "acquired": "2017-07-16T18:06:09.275921Z",
        "anomalous_pixels": 0.01,
        "clear_confidence_percent": 89,
        "clear_percent": 100,
        "cloud_cover": 0.0,
        "cloud_percent": 0,
        "ground_control": true,
        "gsd": 3.9,
        "heavy_haze_percent": 0,
        "instrument": "PS2",
        "item_type": "PSScene",
        "light_haze_percent": 0,
        "pixel_resolution": 3,
        "provider": "planetscope",
        "published": "2021-02-13T07:10:56Z",
        "publishing_stage": "finalized",
        "quality_category": "standard",
        "satellite_azimuth": 277.4,
        "satellite_id": "0f25",
        "shadow_percent": 0,
        "snow_ice_percent": 0,
        "strip_id": "627936",
        "sun_azimuth": 109.1,
        "sun_elevation": 58.7,
        "updated": "2023-10-25T02:21:08Z",
        "view_angle": 4.3,
        "visible_confidence_percent": 89,
        "visible_percent": 100
    }
}