{
    "id": "20170501_180044_100f",
    "type": "Feature",
    "geometry": {
        "type": "Polygon",
        "coordinates": [
            [
                [
                    -121.41928571945024,
                    35.8612784314021
                ],
                [
                    -121.41928571945593,
                    35.8612784314021
                ],
                [
                    -121.43701594343467,
                    35.86136715645954
                ],
                [
                    -121.43695679339636,
                    35.86957422427552
                ],
                [
                    -121.41947795707476,
                    35.86961858680425
                ],
                [
                    -121.41928571945024,
                    35.8612784314021
                ]
            ]
        ]
    },
    "properties": {
        "acquired": "2017-05-01T18:00:44.757515Z",
        "anomalous_pixels": 0.01,
        "cloud_cover": 0,
        "ground_control": true,
        "gsd": 4,
        "instrument": "PS2",
        "item_type": "PSScene",
        "pixel_resolution": 3,
        "provider": "planetscope",
        "published": "2021-02-09T02:36:07Z",
        "publishing_stage": "finalized",
        "quality_category": "standard",
        "satellite_azimuth": 188.5,
        "satellite_id": "100f",
        "strip_id": "487786",
        "sun_azimuth": 119.2,
        "sun_elevation": 56,
        "updated": "2021-02-09T02:36:07Z",
        "view_angle": 0.9
    }
}