{
    "id": "20170516_180757_0e20",
    "type": "Feature",
    "geometry": {
        "type": "Polygon",
        "coordinates": [
            [
                [
                    -121.41928571945024,
                    35.8612784314021
                ],
                [
                    -121.41928571945593,
                    35.8612784314021
                ],
                [
                    -121.43701594343467,
                    35.86136715645954
                ],
                [
                    -121.43695679339636,
                    35.86957422427552
                ],
                [
                    -121.41947795707476,
                    35.86961858680425
                ],
                [
                    -121.41928571945024,
                    35.8612784314021
                ]
            ]
        ]
    },
    "properties": {
        "acquired": "2017-05-16T18:07:57.222055Z",
        "anomalous_pixels": 0.02,
        "cloud_cover": 0,
        "ground_control": true,
        "gsd": 3.9,
        "instrument": "PS2",
        "item_type": "PSScene",
        "pixel_resolution": 3,
        "provider": "planetscope",
        "published": "2021-02-09T08:40:13Z",
        "publishing_stage": "finalized",
        "quality_category": "standard",
        "satellite_azimuth": 182.8,
        "satellite_id": "0e20",
        "strip_id": "506067",
        "sun_azimuth": 115.9,
        "sun_elevation": 60,
        "updated": "2021-02-09T08:40:13Z",
        "view_angle": 0.8
    }
}