{
    "id": "20170428_180106_0f52",
    "type": "Feature",
    "geometry": {
        "type": "Polygon",
        "coordinates": [
            [
                [
                    -121.41928571945024,
                    35.8612784314021
                ],
                [
                    -121.41928571945593,
                    35.8612784314021
                ],
                [
                    -121.43701594343467,
                    35.86136715645954
                ],
                [
                    -121.43695679339636,
                    35.86957422427552
                ],
                [
                    -121.41947795707476,
                    35.86961858680425
                ],
                [
                    -121.41928571945024,
                    35.8612784314021
                ]
            ]
        ]
    },
    "properties": {
        "acquired": "2017-04-28T18:01:06.98123Z",
        "anomalous_pixels": 0.01,
        "cloud_cover": 0,
        "ground_control": true,
        "gsd": 4,
        "instrument": "PS2",
        "item_type": "PSScene",
        "pixel_resolution": 3,
        "provider": "planetscope",
        "published": "2021-02-09T00:56:18Z",
        "publishing_stage": "finalized",
        "quality_category": "standard",
        "satellite_azimuth": 178.2,
        "satellite_id": "0f52",
        "strip_id": "484144",
        "sun_azimuth": 120.3,
        "sun_elevation": 55.2,
        "updated": "2021-02-09T00:56:18Z",
        "view_angle": 0.6
    }
}