{
    "id": "20171012_190041_104d",
    "type": "Feature",
    "geometry": {
        "type": "Polygon",
        "coordinates": [
            [
                [
                    -121.41928571945024,
                    35.8612784314021
                ],
                [
                    -121.41928571945593,
                    35.8612784314021
                ],
                [
                    -121.43701594343467,
                    35.86136715645954
                ],
                [
                    -121.43695679339636,
                    35.86957422427552
                ],
                [
                    -121.41947795707476,
                    35.86961858680425
                ],
                [
                    -121.41928571945024,
                    35.8612784314021
                ]
            ]
        ]
    },
    "properties": {
        "acquired": "2017-10-12T19:00:41.808554Z",
        "anomalous_pixels": 0,
        "clear_confidence_percent": 90,
        "clear_percent": 97,
        "cloud_cover": 0.0,
        "cloud_percent": 0,
        "ground_control": true,
        "gsd": 3.7,
        "heavy_haze_percent": 0,
        "instrument": "PS2",
        "item_type": "PSScene",
        "light_haze_percent": 0,
        "pixel_resolution": 3,
        "provider": "planetscope",
        "published": "2021-02-15T22:58:57Z",
        "publishing_stage": "finalized",
        "quality_category": "standard",
        "satellite_azimuth": 260.1,
        "satellite_id": "104d",
        "shadow_percent": 0,
        "snow_ice_percent": 3,
        "strip_id": "833148",
        "sun_azimuth": 161.4,
        "sun_elevation": 44.8,
        "updated": "2023-10-25T02:21:16Z",
        "view_angle": 4.1,
        "visible_confidence_percent": 77,
        "visible_percent": 100
    }
}