{
    "id": "20170114_180414_0e0f",
    "type": "Feature",
    "geometry": {
        "type": "Polygon",
        "coordinates": [
            [
                [
                    -121.41928571945024,
                    35.8612784314021
                ],
                [
                    -121.41928571945593,
                    35.8612784314021
                ],
                [
                    -121.43701594343467,
                    35.86136715645954
                ],
                [
                    -121.43695679339636,
                    35.86957422427552
                ],
                [
                    -121.41947795707476,
                    35.86961858680425
                ],
                [
                    -121.41928571945024,
                    35.8612784314021
                ]
            ]
        ]
    },
    "properties": {
        "acquired": "2017-01-14T18:04:14.478495Z",
        "anomalous_pixels": 0.01,
        "cloud_cover": 0.03,
        "ground_control": true,
        "gsd": 4,
        "instrument": "PS2",
        "item_type": "PSScene",
        "pixel_resolution": 3,
        "provider": "planetscope",
        "published": "2021-02-07T23:17:59Z",
        "publishing_stage": "finalized",
        "quality_category": "standard",
        "satellite_azimuth": 188.7,
        "satellite_id": "0e0f",
        "strip_id": "362803",
        "sun_azimuth": 146.3,
        "sun_elevation": 25.2,
        "updated": "2021-02-07T23:17:59Z",
        "view_angle": 0.3
    }
}