{
    "id": "20171008_190208_0f2e",
    "type": "Feature",
    "geometry": {
        "type": "Polygon",
        "coordinates": [
            [
                [
                    -121.42502154409298,
                    35.86960451678644
                ],
                [
                    -121.42293703963388,
                    35.86129670322951
                ],
                [
                    -121.43701594343467,
                    35.86136715645954
                ],
                [
                    -121.43695679339636,
                    35.86957422427552
                ],
                [
                    -121.42502154409298,
                    35.86960451678644
                ]
            ]
        ]
    },
    "properties": {
        "acquired": "2017-10-08T19:02:08.882432Z",
        "anomalous_pixels": 0,
        "clear_confidence_percent": 92,
        "clear_percent": 100,
        "cloud_cover": 0.0,
        "cloud_percent": 0,
        "ground_control": true,
        "gsd": 3.6,
        "heavy_haze_percent": 0,
        "instrument": "PS2",
        "item_type": "PSScene",
        "light_haze_percent": 0,
        "pixel_resolution": 3,
        "provider": "planetscope",
        "published": "2021-02-15T19:37:14Z",
        "publishing_stage": "finalized",
        "quality_category": "standard",
        "satellite_azimuth": 259.5,
        "satellite_id": "0f2e",
        "shadow_percent": 0,
        "snow_ice_percent": 0,
        "strip_id": "821710",
        "sun_azimuth": 160.8,
        "sun_elevation": 46.3,
        "updated": "2023-10-25T02:21:09Z",
        "view_angle": 4,
        "visible_confidence_percent": 92,
        "visible_percent": 100
    }
}