{
    "id": "20170918_190358_1048",
    "type": "Feature",
    "geometry": {
        "type": "Polygon",
        "coordinates": [
            [
                [
                    -121.4193064540037,
                    35.86217799202891
                ],
                [
                    -121.42465526744876,
                    35.86130530153384
                ],
                [
                    -121.43701594343467,
                    35.86136715645954
                ],
                [
                    -121.43695679339636,
                    35.86957422427552
                ],
                [
                    -121.41947795707476,
                    35.86961858680425
                ],
                [
                    -121.4193064540037,
                    35.86217799202891
                ]
            ]
        ]
    },
    "properties": {
        "acquired": "2017-09-18T19:03:58.840472Z",
        "anomalous_pixels": 0,
        "clear_confidence_percent": 87,
        "clear_percent": 100,
        "cloud_cover": 0.0,
        "cloud_percent": 0,
        "ground_control": true,
        "gsd": 3.6,
        "heavy_haze_percent": 0,
        "instrument": "PS2",
        "item_type": "PSScene",
        "light_haze_percent": 0,
        "pixel_resolution": 3,
        "provider": "planetscope",
        "published": "2021-02-15T04:41:31Z",
        "publishing_stage": "finalized",
        "quality_category": "standard",
        "satellite_azimuth": 258.6,
        "satellite_id": "1048",
        "shadow_percent": 0,
        "snow_ice_percent": 0,
        "strip_id": "766132",
        "sun_azimuth": 155.8,
        "sun_elevation": 53.3,
        "updated": "2023-10-25T02:21:16Z",
        "view_angle": 3.1,
        "visible_confidence_percent": 88,
        "visible_percent": 100
    }
}