{
    "id": "20170531_180203_101b",
    "type": "Feature",
    "geometry": {
        "type": "Polygon",
        "coordinates": [
            [
                [
                    -121.41928571945024,
                    35.8612784314021
                ],
                [
                    -121.41928571945593,
                    35.8612784314021
                ],
                [
                    -121.43701594343467,
                    35.86136715645954
                ],
                [
                    -121.43695679339636,
                    35.86957422427552
                ],
                [
                    -121.41947795707476,
                    35.86961858680425
                ],
                [
                    -121.41928571945024,
                    35.8612784314021
                ]
            ]
        ]
    },
    "properties": {
        "acquired": "2017-05-31T18:02:03.127106Z",
        "anomalous_pixels": 0.01,
        "cloud_cover": 0,
        "ground_control": true,
        "gsd": 3.9,
        "instrument": "PS2",
        "item_type": "PSScene",
        "pixel_resolution": 3,
        "provider": "planetscope",
        "published": "2021-02-09T15:03:16Z",
        "publishing_stage": "finalized",
        "quality_category": "standard",
        "satellite_azimuth": 182.5,
        "satellite_id": "101b",
        "strip_id": "526100",
        "sun_azimuth": 109.5,
        "sun_elevation": 60.3,
        "updated": "2021-02-09T15:03:16Z",
        "view_angle": 0.8
    }
}