{
    "id": "20170928_190246_0f4a",
    "type": "Feature",
    "geometry": {
        "type": "Polygon",
        "coordinates": [
            [
                [
                    -121.41928571945024,
                    35.8612784314021
                ],
                [
                    -121.41928571945593,
                    35.8612784314021
                ],
                [
                    -121.43701594343467,
                    35.86136715645954
                ],
                [
                    -121.43695679339636,
                    35.86957422427552
                ],
                [
                    -121.41947795707476,
                    35.86961858680425
                ],
                [
                    -121.41928571945024,
                    35.8612784314021
                ]
            ]
        ]
    },
    "properties": {
        "acquired": "2017-09-28T19:02:46.791502Z",
        "anomalous_pixels": 0,
        "clear_confidence_percent": 87,
        "clear_percent": 100,
        "cloud_cover": 0.0,
        "cloud_percent": 0,
        "ground_control": true,
        "gsd": 3.7,
        "heavy_haze_percent": 0,
        "instrument": "PS2",
        "item_type": "PSScene",
        "light_haze_percent": 0,
        "pixel_resolution": 3,
        "provider": "planetscope",
        "published": "2021-02-15T12:01:37Z",
        "publishing_stage": "finalized",
        "quality_category": "standard",
        "satellite_azimuth": 259.5,
        "satellite_id": "0f4a",
        "shadow_percent": 0,
        "snow_ice_percent": 0,
        "strip_id": "795768",
        "sun_azimuth": 158.5,
        "sun_elevation": 49.8,
        "updated": "2023-10-25T02:21:15Z",
        "view_angle": 4.7,
        "visible_confidence_percent": 87,
        "visible_percent": 100
    }
}