{
    "id": "20170619_180303_0f38",
    "type": "Feature",
    "geometry": {
        "type": "Polygon",
        "coordinates": [
            [
                [
                    -121.41928571945024,
                    35.8612784314021
                ],
                [
                    -121.41928571945593,
                    35.8612784314021
                ],
                [
                    -121.43701594343467,
                    35.86136715645954
                ],
                [
                    -121.43695679339636,
                    35.86957422427552
                ],
                [
                    -121.41947795707476,
                    35.86961858680425
                ],
                [
                    -121.41928571945024,
                    35.8612784314021
                ]
            ]
        ]
    },
    "properties": {
        "acquired": "2017-06-19T18:03:03.966979Z",
        "anomalous_pixels": 0.01,
        "clear_confidence_percent": 91,
        "clear_percent": 100,
        "cloud_cover": 0.0,
        "cloud_percent": 0,
        "ground_control": true,
        "gsd": 3.9,
        "heavy_haze_percent": 0,
        "instrument": "PS2",
        "item_type": "PSScene",
        "light_haze_percent": 0,
        "pixel_resolution": 3,
        "provider": "planetscope",
        "published": "2021-02-10T01:18:06Z",
        "publishing_stage": "finalized",
        "quality_category": "standard",
        "satellite_azimuth": 185.1,
        "satellite_id": "0f38",
        "shadow_percent": 0,
        "snow_ice_percent": 0,
        "strip_id": "563176",
        "sun_azimuth": 106.4,
        "sun_elevation": 60.5,
        "updated": "2022-12-07T18:29:34Z",
        "view_angle": 0.8,
        "visible_confidence_percent": 92,
        "visible_percent": 100
    }
}