{
    "id": "20170716_180608_0f25",
    "type": "Feature",
    "geometry": {
        "type": "Polygon",
        "coordinates": [
            [
                [
                    -121.4193386491921,
                    35.86357476789488
                ],
                [
                    -121.4369772327267,
                    35.866738267189895
                ],
                [
                    -121.43695679339636,
                    35.86957422427552
                ],
                [
                    -121.41947795707476,
                    35.86961858680425
                ],
                [
                    -121.4193386491921,
                    35.86357476789488
                ]
            ]
        ]
    },
    "properties": {
        "acquired": "2017-07-16T18:06:08.224921Z",
        "anomalous_pixels": 0.01,
        "clear_confidence_percent": 91,
        "clear_percent": 100,
        "cloud_cover": 0.0,
        "cloud_percent": 0,
        "ground_control": true,
        "gsd": 3.9,
        "heavy_haze_percent": 0,
        "instrument": "PS2",
        "item_type": "PSScene",
        "light_haze_percent": 0,
        "pixel_resolution": 3,
        "provider": "planetscope",
        "published": "2021-02-13T07:10:59Z",
        "publishing_stage": "finalized",
        "quality_category": "standard",
        "satellite_azimuth": 277.3,
        "satellite_id": "0f25",
        "shadow_percent": 0,
        "snow_ice_percent": 0,
        "strip_id": "627936",
        "sun_azimuth": 109.2,
        "sun_elevation": 58.7,
        "updated": "2023-10-25T02:21:31Z",
        "view_angle": 4.3,
        "visible_confidence_percent": 91,
        "visible_percent": 100
    }
}