{
    "id": "20170929_180644_100e",
    "type": "Feature",
    "geometry": {
        "type": "Polygon",
        "coordinates": [
            [
                [
                    -121.41928571945024,
                    35.8612784314021
                ],
                [
                    -121.41928571945593,
                    35.8612784314021
                ],
                [
                    -121.43701594343467,
                    35.86136715645954
                ],
                [
                    -121.43695679339636,
                    35.86957422427552
                ],
                [
                    -121.41947795707476,
                    35.86961858680425
                ],
                [
                    -121.41928571945024,
                    35.8612784314021
                ]
            ]
        ]
    },
    "properties": {
        "acquired": "2017-09-29T18:06:44.005413Z",
        "anomalous_pixels": 0,
        "clear_confidence_percent": 83,
        "clear_percent": 100,
        "cloud_cover": 0.0,
        "cloud_percent": 0,
        "ground_control": true,
        "gsd": 3.9,
        "heavy_haze_percent": 0,
        "instrument": "PS2",
        "item_type": "PSScene",
        "light_haze_percent": 0,
        "pixel_resolution": 3,
        "provider": "planetscope",
        "published": "2021-02-15T13:02:07Z",
        "publishing_stage": "finalized",
        "quality_category": "standard",
        "satellite_azimuth": 103,
        "satellite_id": "100e",
        "shadow_percent": 0,
        "snow_ice_percent": 0,
        "strip_id": "800300",
        "sun_azimuth": 141,
        "sun_elevation": 44,
        "updated": "2023-10-25T02:21:15Z",
        "view_angle": 2.8,
        "visible_confidence_percent": 84,
        "visible_percent": 100
    }
}