{
  "type": "Feature",
  "stac_version": "1.0.0",
  "id": "20170707_180226_103c",
  "properties": {
    "updated": "2021-02-12T23:31:51Z",
    "created": "2021-02-12T23:31:51Z",
    "gsd": 3.9,
    "constellation": "planetscope",
    "platform": "103c",
    "instruments": [
      "PS2"
    ],
    "eo:cloud_cover": 0,
    "view:off_nadir": 2.9,
    "view:azimuth": 102.1,
    "view:sun_azimuth": 107.2,
    "view:sun_elevation": 59.5,
    "pl:ground_control": true,
    "pl:item_type": "PSScene",
    "pl:pixel_resolution": 3,
    "pl:publishing_stage": "finalized",
    "pl:quality_category": "standard",
    "pl:strip_id": "606335",
    "published": "2021-02-12T23:31:51Z",
    "datetime": "2017-07-07T18:02:26.359284Z"
  },
  "geometry": {
    "type": "Polygon",
    "coordinates": [
      [
        [
          -121.43595178099918,
          35.861361831209656
        ],
        [
          -121.43374364699132,
          35.86958237946944
        ],
        [
          -121.41947795707476,
          35.86961858680425
        ],
        [
          -121.41928571945024,
          35.8612784314021
        ],
        [
          -121.41928571945593,
          35.8612784314021
        ],
        [
          -121.43595178099918,
          35.861361831209656
        ]
      ]
    ]
  },
  "links": [
    {
      "rel": "root",
      "href": "../catalog.json",
      "type": "application/json"
    },
    {
      "rel": "collection",
      "href": "./PSScene_collection.json",
      "type": "application/json"
    },
    {
      "rel": "parent",
      "href": "./PSScene_collection.json",
      "type": "application/json"
    }
  ],
  "assets": {
    "20170707_180226_103c_metadata_json": {
      "href": "./20170707_180226_103c_metadata.json",
      "type": "application/json",
      "roles": [
        "metadata"
      ]
    },
    "20170707_180226_103c_3B_AnalyticMS_metadata_clip_xml": {
      "href": "./20170707_180226_103c_3B_AnalyticMS_metadata_clip.xml",
      "type": "text/xml",
      "pl:asset_type": "ortho_analytic_4b_xml",
      "pl:bundle_type": "analytic_sr_udm2",
      "roles": [
        "metadata"
      ]
    },
    "20170707_180226_103c_3B_udm2_clip_tif": {
      "href": "./20170707_180226_103c_3B_udm2_clip.tif",
      "type": "image/tiff; application=geotiff; profile=cloud-optimized",
      "pl:asset_type": "ortho_udm2",
      "pl:bundle_type": "analytic_sr_udm2",
      "raster:bands": [
        {
          "data_type": "uint8",
          "spatial_resolution": 3.0,
          "statistics": {
            "minimum": 0.0,
            "maximum": 1.0
          }
        },
        {
          "data_type": "uint8",
          "spatial_resolution": 3.0,
          "statistics": {
            "minimum": 0.0,
            "maximum": 0.0
          }
        },
        {
          "data_type": "uint8",
          "spatial_resolution": 3.0,
          "statistics": {
            "minimum": 0.0,
            "maximum": 0.0
          }
        },
        {
          "data_type": "uint8",
          "spatial_resolution": 3.0,
          "statistics": {
            "minimum": 0.0,
            "maximum": 0.0
          }
        },
        {
          "data_type": "uint8",
          "spatial_resolution": 3.0,
          "statistics": {
            "minimum": 0.0,
            "maximum": 0.0
          }
        },
        {
          "data_type": "uint8",
          "spatial_resolution": 3.0,
          "statistics": {
            "minimum": 0.0,
            "maximum": 0.0
          }
        },
        {
          "data_type": "uint8",
          "spatial_resolution": 3.0,
          "statistics": {
            "minimum": 0.0,
            "maximum": 98.0
          }
        },
        {
          "data_type": "uint8",
          "spatial_resolution": 3.0,
          "statistics": {
            "minimum": 0.0,
            "maximum": 1.0
          }
        }
      ],
      "eo:bands": [
        {
          "name": "B1",
          "description": "Clear map (0: not clear, 1: clear)"
        },
        {
          "name": "B2",
          "description": "Snow map (0: no snow or ice, 1: snow or ice)"
        },
        {
          "name": "B3",
          "description": "Shadow map (0: no shadow, 1: shadow)"
        },
        {
          "name": "B4",
          "description": "Light haze map (0: no light haze, 1: light haze)"
        },
        {
          "name": "B5",
          "description": "Heavy haze map (0: no heavy haze, 1: heavy haze)"
        },
        {
          "name": "B6",
          "description": "Cloud map (0: no cloud, 1: cloud)"
        },
        {
          "name": "B7",
          "description": "Confidence map (percentage value: per-pixel algorithmic confidence in classification)"
        },
        {
          "name": "B8",
          "description": "Unusable pixels"
        }
      ],
      "proj:epsg": 32610,
      "proj:bbox": [
        641109.0,
        3969699.0,
        642723.0,
        3970641.0
      ],
      "proj:shape": [
        314,
        538
      ],
      "proj:transform": [
        3.0,
        0.0,
        641109.0,
        0.0,
        -3.0,
        3970641.0,
        0.0,
        0.0,
        1.0
      ],
      "roles": [
        "data",
        "snow-ice",
        "cloud",
        "cloud-shadow"
      ]
    },
    "20170707_180226_103c_3B_AnalyticMS_SR_harmonized_clip_tif": {
      "href": "./20170707_180226_103c_3B_AnalyticMS_SR_harmonized_clip.tif",
      "type": "image/tiff",
      "pl:asset_type": "ortho_analytic_4b_sr",
      "pl:bundle_type": "analytic_sr_udm2",
      "raster:bands": [
        {
          "nodata": 0.0,
          "data_type": "uint16",
          "spatial_resolution": 3.0,
          "statistics": {
            "minimum": 219.0,
            "maximum": 2918.0
          },
          "scale": 0.0001
        },
        {
          "nodata": 0.0,
          "data_type": "uint16",
          "spatial_resolution": 3.0,
          "statistics": {
            "minimum": 318.0,
            "maximum": 3419.0
          },
          "scale": 0.0001
        },
        {
          "nodata": 0.0,
          "data_type": "uint16",
          "spatial_resolution": 3.0,
          "statistics": {
            "minimum": 187.0,
            "maximum": 3722.0
          },
          "scale": 0.0001
        },
        {
          "nodata": 0.0,
          "data_type": "uint16",
          "spatial_resolution": 3.0,
          "statistics": {
            "minimum": 765.0,
            "maximum": 3557.0
          },
          "scale": 0.0001
        }
      ],
      "eo:bands": [
        {
          "name": "Blue",
          "common_name": "blue",
          "center_wavelength": 0.485,
          "full_width_half_max": 0.06
        },
        {
          "name": "Green",
          "common_name": "green",
          "center_wavelength": 0.57,
          "full_width_half_max": 0.04
        },
        {
          "name": "Red",
          "common_name": "red",
          "center_wavelength": 0.63,
          "full_width_half_max": 0.08
        },
        {
          "name": "Near-Infrared",
          "common_name": "nir",
          "center_wavelength": 0.82,
          "full_width_half_max": 0.08
        }
      ],
      "proj:epsg": 32610,
      "proj:bbox": [
        641109.0,
        3969699.0,
        642723.0,
        3970641.0
      ],
      "proj:shape": [
        314,
        538
      ],
      "proj:transform": [
        3.0,
        0.0,
        641109.0,
        0.0,
        -3.0,
        3970641.0,
        0.0,
        0.0,
        1.0
      ],
      "roles": [
        "data",
        "reflectance"
      ]
    }
  },
  "bbox": [
    -121.43595178099918,
    35.8612784314021,
    -121.41928571945024,
    35.86961858680425
  ],
  "stac_extensions": [
    "https://stac-extensions.github.io/eo/v1.0.0/schema.json",
    "https://stac-extensions.github.io/view/v1.0.0/schema.json",
    "https://stac-extensions.github.io/raster/v1.1.0/schema.json",
    "https://stac-extensions.github.io/projection/v1.1.0/schema.json"
  ],
  "collection": "00a7a286-291f-4bc4-a790-93a43e55523a: PSScene"
}