{
    "id": "20170514_180813_0e16",
    "type": "Feature",
    "geometry": {
        "type": "Polygon",
        "coordinates": [
            [
                [
                    -121.43082007165387,
                    35.86958979971141
                ],
                [
                    -121.41942843325602,
                    35.86747001497548
                ],
                [
                    -121.41928571945024,
                    35.8612784314021
                ],
                [
                    -121.41928571945593,
                    35.8612784314021
                ],
                [
                    -121.43701594343467,
                    35.86136715645954
                ],
                [
                    -121.43695679339636,
                    35.86957422427552
                ],
                [
                    -121.43082007165387,
                    35.86958979971141
                ]
            ]
        ]
    },
    "properties": {
        "acquired": "2017-05-14T18:08:13.837737Z",
        "anomalous_pixels": 0.01,
        "cloud_cover": 0.03,
        "ground_control": true,
        "gsd": 3.9,
        "instrument": "PS2",
        "item_type": "PSScene",
        "pixel_resolution": 3,
        "provider": "planetscope",
        "published": "2021-02-09T07:43:30Z",
        "publishing_stage": "finalized",
        "quality_category": "standard",
        "satellite_azimuth": 194.3,
        "satellite_id": "0e16",
        "strip_id": "503291",
        "sun_azimuth": 116.7,
        "sun_elevation": 59.7,
        "updated": "2021-02-09T07:43:30Z",
        "view_angle": 0.9
    }
}