{
    "id": "20170514_180812_0e16",
    "type": "Feature",
    "geometry": {
        "type": "Polygon",
        "coordinates": [
            [
                [
                    -121.4192877011747,
                    35.86136440775521
                ],
                [
                    -121.43699229560211,
                    35.864648293228065
                ],
                [
                    -121.43695679339636,
                    35.86957422427552
                ],
                [
                    -121.41947795707476,
                    35.86961858680425
                ],
                [
                    -121.4192877011747,
                    35.86136440775521
                ]
            ]
        ]
    },
    "properties": {
        "acquired": "2017-05-14T18:08:12.771134Z",
        "anomalous_pixels": 0.03,
        "cloud_cover": 0.1,
        "ground_control": true,
        "gsd": 3.9,
        "instrument": "PS2",
        "item_type": "PSScene",
        "pixel_resolution": 3,
        "provider": "planetscope",
        "published": "2021-02-09T07:43:29Z",
        "publishing_stage": "finalized",
        "quality_category": "standard",
        "satellite_azimuth": 193.8,
        "satellite_id": "0e16",
        "strip_id": "503291",
        "sun_azimuth": 116.8,
        "sun_elevation": 59.7,
        "updated": "2021-02-09T07:43:29Z",
        "view_angle": 0.9
    }
}