{
    "id": "20171015_180925_103c",
    "type": "Feature",
    "geometry": {
        "type": "Polygon",
        "coordinates": [
            [
                [
                    -121.43686766976255,
                    35.869574450477636
                ],
                [
                    -121.43695932511807,
                    35.86922294788822
                ],
                [
                    -121.43695679339636,
                    35.86957422427552
                ],
                [
                    -121.43686766976255,
                    35.869574450477636
                ]
            ]
        ]
    },
    "properties": {
        "acquired": "2017-10-15T18:09:25.629245Z",
        "anomalous_pixels": 0,
        "clear_confidence_percent": 0,
        "clear_percent": 0,
        "cloud_cover": 0.0,
        "cloud_percent": 0,
        "ground_control": true,
        "gsd": 3.9,
        "heavy_haze_percent": 0,
        "instrument": "PS2",
        "item_type": "PSScene",
        "light_haze_percent": 0,
        "pixel_resolution": 3,
        "provider": "planetscope",
        "published": "2021-02-16T01:08:47Z",
        "publishing_stage": "finalized",
        "quality_category": "standard",
        "satellite_azimuth": 258,
        "satellite_id": "103c",
        "shadow_percent": 0,
        "snow_ice_percent": 0,
        "strip_id": "839775",
        "sun_azimuth": 146.4,
        "sun_elevation": 39.2,
        "updated": "2023-10-25T02:21:13Z",
        "view_angle": 0.5,
        "visible_confidence_percent": 0,
        "visible_percent": 0
    }
}