{
    "id": "20170901_180624_1032",
    "type": "Feature",
    "geometry": {
        "type": "Polygon",
        "coordinates": [
            [
                [
                    -121.41928571945024,
                    35.8612784314021
                ],
                [
                    -121.41928571945593,
                    35.8612784314021
                ],
                [
                    -121.43701594343467,
                    35.86136715645954
                ],
                [
                    -121.43695679339636,
                    35.86957422427552
                ],
                [
                    -121.41947795707476,
                    35.86961858680425
                ],
                [
                    -121.41928571945024,
                    35.8612784314021
                ]
            ]
        ]
    },
    "properties": {
        "acquired": "2017-09-01T18:06:24.492147Z",
        "anomalous_pixels": 0.01,
        "clear_confidence_percent": 78,
        "clear_percent": 98,
        "cloud_cover": 0.0,
        "cloud_percent": 0,
        "ground_control": true,
        "gsd": 4,
        "heavy_haze_percent": 0,
        "instrument": "PS2",
        "item_type": "PSScene",
        "light_haze_percent": 0,
        "pixel_resolution": 3,
        "provider": "planetscope",
        "published": "2021-02-14T16:29:57Z",
        "publishing_stage": "finalized",
        "quality_category": "standard",
        "satellite_azimuth": 266.9,
        "satellite_id": "1032",
        "shadow_percent": 0,
        "snow_ice_percent": 2,
        "strip_id": "726538",
        "sun_azimuth": 128.5,
        "sun_elevation": 51.1,
        "updated": "2023-10-25T02:21:21Z",
        "view_angle": 1.1,
        "visible_confidence_percent": 71,
        "visible_percent": 100
    }
}