{
    "id": "20170925_190241_1043",
    "type": "Feature",
    "geometry": {
        "type": "Polygon",
        "coordinates": [
            [
                [
                    -121.43697881927521,
                    35.86651813358595
                ],
                [
                    -121.41947306861226,
                    35.86940650273882
                ],
                [
                    -121.41928571945024,
                    35.8612784314021
                ],
                [
                    -121.41928571945593,
                    35.8612784314021
                ],
                [
                    -121.43701594343467,
                    35.86136715645954
                ],
                [
                    -121.43697881927521,
                    35.86651813358595
                ]
            ]
        ]
    },
    "properties": {
        "acquired": "2017-09-25T19:02:41.870993Z",
        "anomalous_pixels": 0,
        "clear_confidence_percent": 86,
        "clear_percent": 100,
        "cloud_cover": 0.0,
        "cloud_percent": 0,
        "ground_control": true,
        "gsd": 3.6,
        "heavy_haze_percent": 0,
        "instrument": "PS2",
        "item_type": "PSScene",
        "light_haze_percent": 0,
        "pixel_resolution": 3,
        "provider": "planetscope",
        "published": "2021-02-15T09:41:06Z",
        "publishing_stage": "finalized",
        "quality_category": "standard",
        "satellite_azimuth": 258.8,
        "satellite_id": "1043",
        "shadow_percent": 0,
        "snow_ice_percent": 0,
        "strip_id": "785839",
        "sun_azimuth": 157.7,
        "sun_elevation": 50.9,
        "updated": "2023-10-25T02:21:11Z",
        "view_angle": 3.6,
        "visible_confidence_percent": 87,
        "visible_percent": 100
    }
}