{
    "id": "20170619_180245_0f31",
    "type": "Feature",
    "geometry": {
        "type": "Polygon",
        "coordinates": [
            [
                [
                    -121.43404409718079,
                    35.861352284835256
                ],
                [
                    -121.43180410697931,
                    35.86958730215982
                ],
                [
                    -121.41947795707476,
                    35.86961858680425
                ],
                [
                    -121.41928571945024,
                    35.8612784314021
                ],
                [
                    -121.41928571945593,
                    35.8612784314021
                ],
                [
                    -121.43404409718079,
                    35.861352284835256
                ]
            ]
        ]
    },
    "properties": {
        "acquired": "2017-06-19T18:02:45.063194Z",
        "anomalous_pixels": 0.01,
        "clear_confidence_percent": 93,
        "clear_percent": 100,
        "cloud_cover": 0.0,
        "cloud_percent": 0,
        "ground_control": true,
        "gsd": 3.9,
        "heavy_haze_percent": 0,
        "instrument": "PS2",
        "item_type": "PSScene",
        "light_haze_percent": 0,
        "pixel_resolution": 3,
        "provider": "planetscope",
        "published": "2021-02-10T01:16:48Z",
        "publishing_stage": "finalized",
        "quality_category": "standard",
        "satellite_azimuth": 185,
        "satellite_id": "0f31",
        "shadow_percent": 0,
        "snow_ice_percent": 0,
        "strip_id": "563452",
        "sun_azimuth": 106.1,
        "sun_elevation": 60.5,
        "updated": "2022-12-07T18:29:28Z",
        "view_angle": 0.3,
        "visible_confidence_percent": 94,
        "visible_percent": 100
    }
}