{
    "id": "20170719_180927_0e16",
    "type": "Feature",
    "geometry": {
        "type": "Polygon",
        "coordinates": [
            [
                [
                    -121.41928571945024,
                    35.8612784314021
                ],
                [
                    -121.41928571945593,
                    35.8612784314021
                ],
                [
                    -121.43701594343467,
                    35.86136715645954
                ],
                [
                    -121.43695679339636,
                    35.86957422427552
                ],
                [
                    -121.41947795707476,
                    35.86961858680425
                ],
                [
                    -121.41928571945024,
                    35.8612784314021
                ]
            ]
        ]
    },
    "properties": {
        "acquired": "2017-07-19T18:09:27.935337Z",
        "anomalous_pixels": 0.01,
        "clear_confidence_percent": 95,
        "clear_percent": 100,
        "cloud_cover": 0.0,
        "cloud_percent": 0,
        "ground_control": true,
        "gsd": 4,
        "heavy_haze_percent": 0,
        "instrument": "PS2",
        "item_type": "PSScene",
        "light_haze_percent": 0,
        "pixel_resolution": 3,
        "provider": "planetscope",
        "published": "2021-02-13T09:02:12Z",
        "publishing_stage": "finalized",
        "quality_category": "standard",
        "satellite_azimuth": 108.7,
        "satellite_id": "0e16",
        "shadow_percent": 0,
        "snow_ice_percent": 0,
        "strip_id": "634297",
        "sun_azimuth": 111.4,
        "sun_elevation": 59.4,
        "updated": "2023-10-25T02:21:24Z",
        "view_angle": 1.3,
        "visible_confidence_percent": 96,
        "visible_percent": 100
    }
}