{
    "id": "20171010_180748_1040",
    "type": "Feature",
    "geometry": {
        "type": "Polygon",
        "coordinates": [
            [
                [
                    -121.42336821483535,
                    35.86960871305359
                ],
                [
                    -121.4255070521513,
                    35.86130956400942
                ],
                [
                    -121.43701594343467,
                    35.86136715645954
                ],
                [
                    -121.43695679339636,
                    35.86957422427552
                ],
                [
                    -121.42336821483535,
                    35.86960871305359
                ]
            ]
        ]
    },
    "properties": {
        "acquired": "2017-10-10T18:07:48.94517Z",
        "anomalous_pixels": 0,
        "clear_confidence_percent": 67,
        "clear_percent": 100,
        "cloud_cover": 0.0,
        "cloud_percent": 0,
        "ground_control": true,
        "gsd": 3.9,
        "heavy_haze_percent": 0,
        "instrument": "PS2",
        "item_type": "PSScene",
        "light_haze_percent": 0,
        "pixel_resolution": 3,
        "provider": "planetscope",
        "published": "2021-02-15T21:24:47Z",
        "publishing_stage": "finalized",
        "quality_category": "standard",
        "satellite_azimuth": 101.6,
        "satellite_id": "1040",
        "shadow_percent": 0,
        "snow_ice_percent": 0,
        "strip_id": "826927",
        "sun_azimuth": 144.9,
        "sun_elevation": 40.8,
        "updated": "2023-10-25T02:21:18Z",
        "view_angle": 3.4,
        "visible_confidence_percent": 68,
        "visible_percent": 100
    }
}