{
    "id": "20170410_180010_0f35",
    "type": "Feature",
    "geometry": {
        "type": "Polygon",
        "coordinates": [
            [
                [
                    -121.41928571945024,
                    35.8612784314021
                ],
                [
                    -121.41928571945593,
                    35.8612784314021
                ],
                [
                    -121.43701594343467,
                    35.86136715645954
                ],
                [
                    -121.43695679339636,
                    35.86957422427552
                ],
                [
                    -121.41947795707476,
                    35.86961858680425
                ],
                [
                    -121.41928571945024,
                    35.8612784314021
                ]
            ]
        ]
    },
    "properties": {
        "acquired": "2017-04-10T18:00:10.723777Z",
        "anomalous_pixels": 0.01,
        "cloud_cover": 0,
        "ground_control": true,
        "gsd": 3.9,
        "instrument": "PS2",
        "item_type": "PSScene",
        "pixel_resolution": 3,
        "provider": "planetscope",
        "published": "2021-02-08T17:49:53Z",
        "publishing_stage": "finalized",
        "quality_category": "standard",
        "satellite_azimuth": 183.8,
        "satellite_id": "0f35",
        "strip_id": "463169",
        "sun_azimuth": 125.9,
        "sun_elevation": 50,
        "updated": "2021-02-08T17:49:53Z",
        "view_angle": 0.8
    }
}