{
    "id": "20170707_180403_103a",
    "type": "Feature",
    "geometry": {
        "type": "Polygon",
        "coordinates": [
            [
                [
                    -121.41928571945024,
                    35.8612784314021
                ],
                [
                    -121.41928571945593,
                    35.8612784314021
                ],
                [
                    -121.43701594343467,
                    35.86136715645954
                ],
                [
                    -121.43695679339636,
                    35.86957422427552
                ],
                [
                    -121.41947795707476,
                    35.86961858680425
                ],
                [
                    -121.41928571945024,
                    35.8612784314021
                ]
            ]
        ]
    },
    "properties": {
        "acquired": "2017-07-07T18:04:03.909865Z",
        "anomalous_pixels": 0.01,
        "clear_confidence_percent": 95,
        "clear_percent": 100,
        "cloud_cover": 0.0,
        "cloud_percent": 0,
        "ground_control": true,
        "gsd": 3.9,
        "heavy_haze_percent": 0,
        "instrument": "PS2",
        "item_type": "PSScene",
        "light_haze_percent": 0,
        "pixel_resolution": 3,
        "provider": "planetscope",
        "published": "2021-02-12T23:32:59Z",
        "publishing_stage": "finalized",
        "quality_category": "standard",
        "satellite_azimuth": 119.5,
        "satellite_id": "103a",
        "shadow_percent": 0,
        "snow_ice_percent": 0,
        "strip_id": "605947",
        "sun_azimuth": 107.3,
        "sun_elevation": 59.5,
        "updated": "2022-12-07T18:29:26Z",
        "view_angle": 0.9,
        "visible_confidence_percent": 95,
        "visible_percent": 100
    }
}