{
    "id": "20170925_190219_101c",
    "type": "Feature",
    "geometry": {
        "type": "Polygon",
        "coordinates": [
            [
                [
                    -121.41928571945024,
                    35.8612784314021
                ],
                [
                    -121.41928571945593,
                    35.8612784314021
                ],
                [
                    -121.43701594343467,
                    35.86136715645954
                ],
                [
                    -121.43695679339636,
                    35.86957422427552
                ],
                [
                    -121.41947795707476,
                    35.86961858680425
                ],
                [
                    -121.41928571945024,
                    35.8612784314021
                ]
            ]
        ]
    },
    "properties": {
        "acquired": "2017-09-25T19:02:19.567366Z",
        "anomalous_pixels": 0,
        "clear_confidence_percent": 85,
        "clear_percent": 98,
        "cloud_cover": 0.0,
        "cloud_percent": 0,
        "ground_control": true,
        "gsd": 3.6,
        "heavy_haze_percent": 0,
        "instrument": "PS2",
        "item_type": "PSScene",
        "light_haze_percent": 0,
        "pixel_resolution": 3,
        "provider": "planetscope",
        "published": "2021-02-15T09:40:59Z",
        "publishing_stage": "finalized",
        "quality_category": "standard",
        "satellite_azimuth": 258.7,
        "satellite_id": "101c",
        "shadow_percent": 0,
        "snow_ice_percent": 2,
        "strip_id": "785967",
        "sun_azimuth": 157.7,
        "sun_elevation": 50.7,
        "updated": "2023-10-25T02:21:17Z",
        "view_angle": 3.2,
        "visible_confidence_percent": 74,
        "visible_percent": 100
    }
}