{
    "id": "20170925_190242_1043",
    "type": "Feature",
    "geometry": {
        "type": "Polygon",
        "coordinates": [
            [
                [
                    -121.41933486122807,
                    35.86341042853213
                ],
                [
                    -121.43192354858036,
                    35.861341673249264
                ],
                [
                    -121.43701594343467,
                    35.86136715645954
                ],
                [
                    -121.43695679339636,
                    35.86957422427552
                ],
                [
                    -121.41947795707476,
                    35.86961858680425
                ],
                [
                    -121.41933486122807,
                    35.86341042853213
                ]
            ]
        ]
    },
    "properties": {
        "acquired": "2017-09-25T19:02:42.852669Z",
        "anomalous_pixels": 0,
        "clear_confidence_percent": 92,
        "clear_percent": 100,
        "cloud_cover": 0.0,
        "cloud_percent": 0,
        "ground_control": true,
        "gsd": 3.6,
        "heavy_haze_percent": 0,
        "instrument": "PS2",
        "item_type": "PSScene",
        "light_haze_percent": 0,
        "pixel_resolution": 3,
        "provider": "planetscope",
        "published": "2021-02-15T09:41:07Z",
        "publishing_stage": "finalized",
        "quality_category": "standard",
        "satellite_azimuth": 259.2,
        "satellite_id": "1043",
        "shadow_percent": 0,
        "snow_ice_percent": 0,
        "strip_id": "785839",
        "sun_azimuth": 157.7,
        "sun_elevation": 50.8,
        "updated": "2023-10-25T02:21:11Z",
        "view_angle": 3.6,
        "visible_confidence_percent": 92,
        "visible_percent": 100
    }
}