{
    "id": "20170514_180050_1030",
    "type": "Feature",
    "geometry": {
        "type": "Polygon",
        "coordinates": [
            [
                [
                    -121.41928571945024,
                    35.8612784314021
                ],
                [
                    -121.41928571945593,
                    35.8612784314021
                ],
                [
                    -121.43701594343467,
                    35.86136715645954
                ],
                [
                    -121.43695679339636,
                    35.86957422427552
                ],
                [
                    -121.41947795707476,
                    35.86961858680425
                ],
                [
                    -121.41928571945024,
                    35.8612784314021
                ]
            ]
        ]
    },
    "properties": {
        "acquired": "2017-05-14T18:00:50.039021Z",
        "anomalous_pixels": 0.02,
        "cloud_cover": 0.08,
        "ground_control": true,
        "gsd": 4,
        "instrument": "PS2",
        "item_type": "PSScene",
        "pixel_resolution": 3,
        "provider": "planetscope",
        "published": "2021-02-09T07:35:18Z",
        "publishing_stage": "finalized",
        "quality_category": "standard",
        "satellite_azimuth": 185.2,
        "satellite_id": "1030",
        "strip_id": "504070",
        "sun_azimuth": 114.6,
        "sun_elevation": 58.4,
        "updated": "2021-02-09T07:35:18Z",
        "view_angle": 0.7
    }
}