{
    "id": "20170918_190357_1048",
    "type": "Feature",
    "geometry": {
        "type": "Polygon",
        "coordinates": [
            [
                [
                    -121.43699140207218,
                    35.864772270506364
                ],
                [
                    -121.41943256463577,
                    35.867649253297074
                ],
                [
                    -121.41928571945024,
                    35.8612784314021
                ],
                [
                    -121.41928571945593,
                    35.8612784314021
                ],
                [
                    -121.43701594343467,
                    35.86136715645954
                ],
                [
                    -121.43699140207218,
                    35.864772270506364
                ]
            ]
        ]
    },
    "properties": {
        "acquired": "2017-09-18T19:03:57.862402Z",
        "anomalous_pixels": 0,
        "clear_confidence_percent": 81,
        "clear_percent": 100,
        "cloud_cover": 0.0,
        "cloud_percent": 0,
        "ground_control": true,
        "gsd": 3.6,
        "heavy_haze_percent": 0,
        "instrument": "PS2",
        "item_type": "PSScene",
        "light_haze_percent": 0,
        "pixel_resolution": 3,
        "provider": "planetscope",
        "published": "2021-02-15T04:41:29Z",
        "publishing_stage": "finalized",
        "quality_category": "standard",
        "satellite_azimuth": 258.2,
        "satellite_id": "1048",
        "shadow_percent": 0,
        "snow_ice_percent": 0,
        "strip_id": "766132",
        "sun_azimuth": 155.8,
        "sun_elevation": 53.4,
        "updated": "2023-10-25T02:21:13Z",
        "view_angle": 3.1,
        "visible_confidence_percent": 82,
        "visible_percent": 100
    }
}