{
    "id": "20171022_185940_0f2d",
    "type": "Feature",
    "geometry": {
        "type": "Polygon",
        "coordinates": [
            [
                [
                    -121.41940686265205,
                    35.866534182619326
                ],
                [
                    -121.43700243193481,
                    35.863241877065015
                ],
                [
                    -121.43695679339636,
                    35.86957422427552
                ],
                [
                    -121.41947795707476,
                    35.86961858680425
                ],
                [
                    -121.41940686265205,
                    35.866534182619326
                ]
            ]
        ]
    },
    "properties": {
        "acquired": "2017-10-22T18:59:40.957693Z",
        "anomalous_pixels": 0,
        "clear_confidence_percent": 94,
        "clear_percent": 100,
        "cloud_cover": 0.0,
        "cloud_percent": 0,
        "ground_control": true,
        "gsd": 3.7,
        "heavy_haze_percent": 0,
        "instrument": "PS2",
        "item_type": "PSScene",
        "light_haze_percent": 0,
        "pixel_resolution": 3,
        "provider": "planetscope",
        "published": "2021-02-16T06:23:44Z",
        "publishing_stage": "finalized",
        "quality_category": "standard",
        "satellite_azimuth": 259.8,
        "satellite_id": "0f2d",
        "shadow_percent": 0,
        "snow_ice_percent": 0,
        "strip_id": "857114",
        "sun_azimuth": 162.8,
        "sun_elevation": 41.3,
        "updated": "2023-10-25T02:21:10Z",
        "view_angle": 4.5,
        "visible_confidence_percent": 95,
        "visible_percent": 100
    }
}