{
    "id": "20170830_190536_104c",
    "type": "Feature",
    "geometry": {
        "type": "Polygon",
        "coordinates": [
            [
                [
                    -121.41928571945024,
                    35.8612784314021
                ],
                [
                    -121.41928571945593,
                    35.8612784314021
                ],
                [
                    -121.43701594343467,
                    35.86136715645954
                ],
                [
                    -121.43695679339636,
                    35.86957422427552
                ],
                [
                    -121.41947795707476,
                    35.86961858680425
                ],
                [
                    -121.41928571945024,
                    35.8612784314021
                ]
            ]
        ]
    },
    "properties": {
        "acquired": "2017-08-30T19:05:36.853022Z",
        "anomalous_pixels": 0.01,
        "clear_confidence_percent": 85,
        "clear_percent": 100,
        "cloud_cover": 0.0,
        "cloud_percent": 0,
        "ground_control": true,
        "gsd": 3.6,
        "heavy_haze_percent": 0,
        "instrument": "PS2",
        "item_type": "PSScene",
        "light_haze_percent": 0,
        "pixel_resolution": 3,
        "provider": "planetscope",
        "published": "2021-02-14T15:04:36Z",
        "publishing_stage": "finalized",
        "quality_category": "test",
        "satellite_azimuth": 174.4,
        "satellite_id": "104c",
        "shadow_percent": 0,
        "snow_ice_percent": 0,
        "strip_id": "722505",
        "sun_azimuth": 149.5,
        "sun_elevation": 59.6,
        "updated": "2023-10-25T02:21:13Z",
        "view_angle": 0.2,
        "visible_confidence_percent": 86,
        "visible_percent": 100
    }
}