{
    "id": "20171015_180802_103a",
    "type": "Feature",
    "geometry": {
        "type": "Polygon",
        "coordinates": [
            [
                [
                    -121.43698530459125,
                    35.86561829598497
                ],
                [
                    -121.41931369447585,
                    35.86249211712834
                ],
                [
                    -121.41928571945024,
                    35.8612784314021
                ],
                [
                    -121.41928571945593,
                    35.8612784314021
                ],
                [
                    -121.43701594343467,
                    35.86136715645954
                ],
                [
                    -121.43698530459125,
                    35.86561829598497
                ]
            ]
        ]
    },
    "properties": {
        "acquired": "2017-10-15T18:08:02.751183Z",
        "anomalous_pixels": 0,
        "clear_confidence_percent": 82,
        "clear_percent": 100,
        "cloud_cover": 0.0,
        "cloud_percent": 0,
        "ground_control": true,
        "gsd": 3.9,
        "heavy_haze_percent": 0,
        "instrument": "PS2",
        "item_type": "PSScene",
        "light_haze_percent": 0,
        "pixel_resolution": 3,
        "provider": "planetscope",
        "published": "2021-02-16T01:09:14Z",
        "publishing_stage": "finalized",
        "quality_category": "standard",
        "satellite_azimuth": 117.4,
        "satellite_id": "103a",
        "shadow_percent": 0,
        "snow_ice_percent": 0,
        "strip_id": "839660",
        "sun_azimuth": 146.4,
        "sun_elevation": 39.3,
        "updated": "2023-10-25T02:21:25Z",
        "view_angle": 1,
        "visible_confidence_percent": 82,
        "visible_percent": 100
    }
}