{
    "id": "20170131_180431_0e30",
    "type": "Feature",
    "geometry": {
        "type": "Polygon",
        "coordinates": [
            [
                [
                    -121.41928571945024,
                    35.8612784314021
                ],
                [
                    -121.41928571945593,
                    35.8612784314021
                ],
                [
                    -121.43701594343467,
                    35.86136715645954
                ],
                [
                    -121.43695679339636,
                    35.86957422427552
                ],
                [
                    -121.41947795707476,
                    35.86961858680425
                ],
                [
                    -121.41928571945024,
                    35.8612784314021
                ]
            ]
        ]
    },
    "properties": {
        "acquired": "2017-01-31T18:04:31.615593Z",
        "anomalous_pixels": 0.01,
        "cloud_cover": 0,
        "ground_control": true,
        "gsd": 3.9,
        "instrument": "PS2",
        "item_type": "PSScene",
        "pixel_resolution": 3,
        "provider": "planetscope",
        "published": "2021-02-08T02:05:05Z",
        "publishing_stage": "finalized",
        "quality_category": "standard",
        "satellite_azimuth": 191.2,
        "satellite_id": "0e30",
        "strip_id": "391143",
        "sun_azimuth": 143.1,
        "sun_elevation": 28.2,
        "updated": "2021-02-08T02:05:05Z",
        "view_angle": 0.7
    }
}