<?xml version="1.0" encoding="UTF-8"?>
<ps:EarthObservation xsi:schemaLocation="http://schemas.planet.com/ps/v1/planet_product_metadata_geocorrected_level http://schemas.planet.com/ps/v1/planet_product_metadata_geocorrected_level.xsd" xmlns:xsi="http://www.w3.org/2001/XMLSchema-instance" xmlns:xs="http://www.w3.org/2001/XMLSchema" xmlns:xlink="http://www.w3.org/1999/xlink" xmlns:opt="http://earth.esa.int/opt" xmlns:gml="http://www.opengis.net/gml" xmlns:eop="http://earth.esa.int/eop" version="1.2.1" planet_standard_product_version="1.0" xmlns:ps="http://schemas.planet.com/ps/v1/planet_product_metadata_geocorrected_level">
  <gml:metaDataProperty>
    <ps:EarthObservationMetaData>
      <eop:identifier>20171021_180731_0f18_3B_AnalyticMS</eop:identifier>
      <eop:acquisitionType>NOMINAL</eop:acquisitionType>
      <eop:productType>L3B</eop:productType>
      <eop:status>ARCHIVED</eop:status>
      <eop:downlinkedTo>
        <eop:DownlinkInformation>
          <eop:acquisitionStation codeSpace="urn:eop:PS:stationLocation">Planet Ground Station Network</eop:acquisitionStation>
          <eop:acquisitionDate>2017-10-21T18:07:31+00:00</eop:acquisitionDate>
        </eop:DownlinkInformation>
      </eop:downlinkedTo>
      <eop:archivedIn>
        <eop:ArchivingInformation>
          <eop:archivingCenter codeSpace="urn:eop:PS:stationLocation">Planet Archive Center</eop:archivingCenter>
          <eop:archivingDate>2017-10-21T18:07:31+00:00</eop:archivingDate>
          <eop:archivingIdentifier codeSpace="urn:eop:PS:dmsCatalogueId">854860</eop:archivingIdentifier>
        </eop:ArchivingInformation>
      </eop:archivedIn>
      <eop:processing>
        <eop:ProcessingInformation>
          <eop:processorName>CMO Processor</eop:processorName>
          <eop:processorVersion>4.1.4</eop:processorVersion>
          <eop:nativeProductFormat>GeoTIFF</eop:nativeProductFormat>
        </eop:ProcessingInformation>
      </eop:processing>
      <ps:license>
        <ps:licenseType>20160101 - Inc - Single User</ps:licenseType>
        <ps:resourceLink xlink:title="PL EULA" xlink:href="https://assets.planet.com/docs/20160101_Inc_SingleUser.txt" />
      </ps:license>
      <ps:versionIsd>1.0</ps:versionIsd>
      <ps:pixelFormat>16U</ps:pixelFormat>
    </ps:EarthObservationMetaData>
  </gml:metaDataProperty>
  <gml:validTime>
    <gml:TimePeriod>
      <gml:beginPosition>2017-10-21T18:07:31+00:00</gml:beginPosition>
      <gml:endPosition>2017-10-21T18:07:31+00:00</gml:endPosition>
    </gml:TimePeriod>
  </gml:validTime>
  <gml:using>
    <eop:EarthObservationEquipment>
      <eop:platform>
        <eop:Platform>
          <eop:shortName>PlanetScope</eop:shortName>
          <eop:serialIdentifier>0f18</eop:serialIdentifier>
          <eop:orbitType>LEO-SSO</eop:orbitType>
        </eop:Platform>
      </eop:platform>
      <eop:instrument>
        <eop:Instrument>
          <eop:shortName>PS2</eop:shortName>
        </eop:Instrument>
      </eop:instrument>
      <eop:sensor>
        <ps:Sensor>
          <eop:sensorType>OPTICAL</eop:sensorType>
          <eop:resolution uom="m">3.0000</eop:resolution>
          <ps:scanType>FRAME</ps:scanType>
        </ps:Sensor>
      </eop:sensor>
      <eop:acquisitionParameters>
        <ps:Acquisition>
          <eop:orbitDirection>DESCENDING</eop:orbitDirection>
          <eop:incidenceAngle uom="deg">2.526457e+00</eop:incidenceAngle>
          <opt:illuminationAzimuthAngle uom="deg">1.479601e+02</opt:illuminationAzimuthAngle>
          <opt:illuminationElevationAngle uom="deg">3.746396e+01</opt:illuminationElevationAngle>
          <ps:azimuthAngle uom="deg">1.213752e+01</ps:azimuthAngle>
          <ps:spaceCraftViewAngle uom="deg">2.317380e+00</ps:spaceCraftViewAngle>
          <ps:acquisitionDateTime>2017-10-21T18:07:31+00:00</ps:acquisitionDateTime>
        </ps:Acquisition>
      </eop:acquisitionParameters>
    </eop:EarthObservationEquipment>
  </gml:using>
  <gml:target>
    <ps:Footprint>
      <gml:multiExtentOf>
        <gml:MultiSurface srsName="EPSG:4326">
          <gml:surfaceMembers>
            <gml:Polygon>
              <gml:outerBoundaryIs>
                <gml:LinearRing>
                  <gml:coordinates>-121.41928571945,35.8612784314021 -121.419285719456,35.8612784314021 -121.437015943435,35.8613671564595 -121.436956793396,35.8695742242755 -121.419477957075,35.8696185868043 -121.41928571945,35.8612784314021</gml:coordinates>
                </gml:LinearRing>
              </gml:outerBoundaryIs>
            </gml:Polygon>
          </gml:surfaceMembers>
        </gml:MultiSurface>
      </gml:multiExtentOf>
      <gml:centerOf>
        <gml:Point srsName="EPSG:4326">
          <gml:pos>-121.3552016658 35.8334836872</gml:pos>
        </gml:Point>
      </gml:centerOf>
      <ps:geographicLocation>
        <ps:topLeft>
          <ps:latitude>35.8945190570</ps:latitude>
          <ps:longitude>-121.5039396978</ps:longitude>
        </ps:topLeft>
        <ps:topRight>
          <ps:latitude>35.8945190570</ps:latitude>
          <ps:longitude>-121.2066494652</ps:longitude>
        </ps:topRight>
        <ps:bottomRight>
          <ps:latitude>35.7726082375</ps:latitude>
          <ps:longitude>-121.2066494652</ps:longitude>
        </ps:bottomRight>
        <ps:bottomLeft>
          <ps:latitude>35.7726082375</ps:latitude>
          <ps:longitude>-121.5039396978</ps:longitude>
        </ps:bottomLeft>
      </ps:geographicLocation>
    </ps:Footprint>
  </gml:target>
  <gml:resultOf>
    <ps:EarthObservationResult>
      <eop:product>
        <ps:ProductInformation>
          <eop:fileName>/execdir/20171021_180731_0f18_3B_AnalyticMS_clip.tif</eop:fileName>
          <ps:productFormat>GeoTIFF</ps:productFormat>
          <ps:spatialReferenceSystem>
            <ps:epsgCode>32610</ps:epsgCode>
            <ps:geodeticDatum>WGS_1984</ps:geodeticDatum>
            <ps:projection>WGS 84 / UTM zone 10N</ps:projection>
            <ps:projectionZone>10</ps:projectionZone>
          </ps:spatialReferenceSystem>
          <ps:resamplingKernel>CC</ps:resamplingKernel>
          <ps:numRows>314</ps:numRows>
          <ps:numColumns>538</ps:numColumns>
          <ps:numBands>4</ps:numBands>
          <ps:rowGsd>3.0</ps:rowGsd>
          <ps:columnGsd>3.0</ps:columnGsd>
          <ps:radiometricCorrectionApplied>true</ps:radiometricCorrectionApplied>
          <ps:geoCorrectionLevel>Precision Geocorrection</ps:geoCorrectionLevel>
          <ps:elevationCorrectionApplied>FineDEM</ps:elevationCorrectionApplied>
          <ps:atmosphericCorrectionApplied>false</ps:atmosphericCorrectionApplied>
        </ps:ProductInformation>
      </eop:product>
      <eop:mask>
        <eop:MaskInformation>
          <eop:type>UNUSABLE DATA</eop:type>
          <eop:format>RASTER</eop:format>
          <eop:referenceSystemIdentifier codeSpace="EPSG">32610</eop:referenceSystemIdentifier>
          <eop:fileName>NA</eop:fileName>
        </eop:MaskInformation>
      </eop:mask>
      <opt:cloudCoverPercentage uom="percentage">0.0</opt:cloudCoverPercentage>
      <opt:cloudCoverPercentageQuotationMode>AUTOMATIC</opt:cloudCoverPercentageQuotationMode>
      <ps:unusableDataPercentage uom="percentage">0.0</ps:unusableDataPercentage>
      <ps:bandSpecificMetadata>
        <ps:bandNumber>1</ps:bandNumber>
        <!-- Multiply by radiometricScaleFactor to convert DNs to TOA Radiance (watts per steradian per square metre -->
        <ps:radiometricScaleFactor>0.01</ps:radiometricScaleFactor>
        <!-- Multiply by reflectanceCoefficient to convert DNs to TOA Reflectance -->
        <ps:reflectanceCoefficient>2.6197918299833415e-05</ps:reflectanceCoefficient>
      </ps:bandSpecificMetadata>
      <ps:bandSpecificMetadata>
        <ps:bandNumber>2</ps:bandNumber>
        <!-- Multiply by radiometricScaleFactor to convert DNs to TOA Radiance (watts per steradian per square metre -->
        <ps:radiometricScaleFactor>0.01</ps:radiometricScaleFactor>
        <!-- Multiply by reflectanceCoefficient to convert DNs to TOA Reflectance -->
        <ps:reflectanceCoefficient>2.7776486561386687e-05</ps:reflectanceCoefficient>
      </ps:bandSpecificMetadata>
      <ps:bandSpecificMetadata>
        <ps:bandNumber>3</ps:bandNumber>
        <!-- Multiply by radiometricScaleFactor to convert DNs to TOA Radiance (watts per steradian per square metre -->
        <ps:radiometricScaleFactor>0.01</ps:radiometricScaleFactor>
        <!-- Multiply by reflectanceCoefficient to convert DNs to TOA Reflectance -->
        <ps:reflectanceCoefficient>3.099909753481288e-05</ps:reflectanceCoefficient>
      </ps:bandSpecificMetadata>
      <ps:bandSpecificMetadata>
        <ps:bandNumber>4</ps:bandNumber>
        <!-- Multiply by radiometricScaleFactor to convert DNs to TOA Radiance (watts per steradian per square metre -->
        <ps:radiometricScaleFactor>0.01</ps:radiometricScaleFactor>
        <!-- Multiply by reflectanceCoefficient to convert DNs to TOA Reflectance -->
        <ps:reflectanceCoefficient>4.740041734408807e-05</ps:reflectanceCoefficient>
      </ps:bandSpecificMetadata>
    </ps:EarthObservationResult>
  </gml:resultOf>
</ps:EarthObservation>
