{
    "id": "20170420_180021_1030",
    "type": "Feature",
    "geometry": {
        "type": "Polygon",
        "coordinates": [
            [
                [
                    -121.41928571945024,
                    35.8612784314021
                ],
                [
                    -121.41928571945593,
                    35.8612784314021
                ],
                [
                    -121.43701594343467,
                    35.86136715645954
                ],
                [
                    -121.43695679339636,
                    35.86957422427552
                ],
                [
                    -121.41947795707476,
                    35.86961858680425
                ],
                [
                    -121.41928571945024,
                    35.8612784314021
                ]
            ]
        ]
    },
    "properties": {
        "acquired": "2017-04-20T18:00:21.229367Z",
        "anomalous_pixels": 0.01,
        "cloud_cover": 0.01,
        "ground_control": true,
        "gsd": 4,
        "instrument": "PS2",
        "item_type": "PSScene",
        "pixel_resolution": 3,
        "provider": "planetscope",
        "published": "2021-02-08T21:09:09Z",
        "publishing_stage": "finalized",
        "quality_category": "standard",
        "satellite_azimuth": 182.3,
        "satellite_id": "1030",
        "strip_id": "474456",
        "sun_azimuth": 122.9,
        "sun_elevation": 53,
        "updated": "2021-02-08T21:09:09Z",
        "view_angle": 0.8
    }
}