{
    "id": "20170302_180611_0e3a",
    "type": "Feature",
    "geometry": {
        "type": "Polygon",
        "coordinates": [
            [
                [
                    -121.41928571945024,
                    35.8612784314021
                ],
                [
                    -121.41928571945593,
                    35.8612784314021
                ],
                [
                    -121.43701594343467,
                    35.86136715645954
                ],
                [
                    -121.43695679339636,
                    35.86957422427552
                ],
                [
                    -121.41947795707476,
                    35.86961858680425
                ],
                [
                    -121.41928571945024,
                    35.8612784314021
                ]
            ]
        ]
    },
    "properties": {
        "acquired": "2017-03-02T18:06:11.46888Z",
        "anomalous_pixels": 0.01,
        "cloud_cover": 0.01,
        "ground_control": true,
        "gsd": 3.9,
        "instrument": "PS2",
        "item_type": "PSScene",
        "pixel_resolution": 3,
        "provider": "planetscope",
        "published": "2021-02-08T07:33:50Z",
        "publishing_stage": "finalized",
        "quality_category": "standard",
        "satellite_azimuth": 206.2,
        "satellite_id": "0e3a",
        "strip_id": "425295",
        "sun_azimuth": 137.4,
        "sun_elevation": 37.3,
        "updated": "2021-02-08T07:33:50Z",
        "view_angle": 0.1
    }
}