{
    "id": "20170707_180226_103c",
    "type": "Feature",
    "geometry": {
        "type": "Polygon",
        "coordinates": [
            [
                [
                    -121.43595178099918,
                    35.861361831209656
                ],
                [
                    -121.43374364699132,
                    35.86958237946944
                ],
                [
                    -121.41947795707476,
                    35.86961858680425
                ],
                [
                    -121.41928571945024,
                    35.8612784314021
                ],
                [
                    -121.41928571945593,
                    35.8612784314021
                ],
                [
                    -121.43595178099918,
                    35.861361831209656
                ]
            ]
        ]
    },
    "properties": {
        "acquired": "2017-07-07T18:02:26.359284Z",
        "anomalous_pixels": 0.01,
        "clear_confidence_percent": 95,
        "clear_percent": 100,
        "cloud_cover": 0.0,
        "cloud_percent": 0,
        "ground_control": true,
        "gsd": 3.9,
        "heavy_haze_percent": 0,
        "instrument": "PS2",
        "item_type": "PSScene",
        "light_haze_percent": 0,
        "pixel_resolution": 3,
        "provider": "planetscope",
        "published": "2021-02-12T23:31:51Z",
        "publishing_stage": "finalized",
        "quality_category": "standard",
        "satellite_azimuth": 102.1,
        "satellite_id": "103c",
        "shadow_percent": 0,
        "snow_ice_percent": 0,
        "strip_id": "606335",
        "sun_azimuth": 107.2,
        "sun_elevation": 59.5,
        "updated": "2021-02-12T23:31:51Z",
        "view_angle": 2.9,
        "visible_confidence_percent": 95,
        "visible_percent": 100
    }
}