{
    "id": "20170804_180637_0f38",
    "type": "Feature",
    "geometry": {
        "type": "Polygon",
        "coordinates": [
            [
                [
                    -121.41928571945024,
                    35.8612784314021
                ],
                [
                    -121.41928571945593,
                    35.8612784314021
                ],
                [
                    -121.43701594343467,
                    35.86136715645954
                ],
                [
                    -121.43695679339636,
                    35.86957422427552
                ],
                [
                    -121.41947795707476,
                    35.86961858680425
                ],
                [
                    -121.41928571945024,
                    35.8612784314021
                ]
            ]
        ]
    },
    "properties": {
        "acquired": "2017-08-04T18:06:37.943649Z",
        "anomalous_pixels": 0.01,
        "clear_confidence_percent": 87,
        "clear_percent": 100,
        "cloud_cover": 0.0,
        "cloud_percent": 0,
        "ground_control": true,
        "gsd": 4,
        "heavy_haze_percent": 0,
        "instrument": "PS2",
        "item_type": "PSScene",
        "light_haze_percent": 0,
        "pixel_resolution": 3,
        "provider": "planetscope",
        "published": "2021-02-13T20:23:04Z",
        "publishing_stage": "finalized",
        "quality_category": "standard",
        "satellite_azimuth": 274.9,
        "satellite_id": "0f38",
        "shadow_percent": 0,
        "snow_ice_percent": 0,
        "strip_id": "668359",
        "sun_azimuth": 115.6,
        "sun_elevation": 56.3,
        "updated": "2023-10-25T02:21:13Z",
        "view_angle": 2.3,
        "visible_confidence_percent": 87,
        "visible_percent": 100
    }
}