{
    "id": "20170922_180901_1006",
    "type": "Feature",
    "geometry": {
        "type": "Polygon",
        "coordinates": [
            [
                [
                    -121.41941669280506,
                    35.86696066002624
                ],
                [
                    -121.43401576039379,
                    35.86958168882629
                ],
                [
                    -121.41947795707476,
                    35.86961858680425
                ],
                [
                    -121.41941669280506,
                    35.86696066002624
                ]
            ]
        ]
    },
    "properties": {
        "acquired": "2017-09-22T18:09:01.141287Z",
        "anomalous_pixels": 0.01,
        "clear_confidence_percent": 98,
        "clear_percent": 100,
        "cloud_cover": 0.0,
        "cloud_percent": 0,
        "ground_control": true,
        "gsd": 3.9,
        "heavy_haze_percent": 0,
        "instrument": "PS2",
        "item_type": "PSScene",
        "light_haze_percent": 0,
        "pixel_resolution": 3,
        "provider": "planetscope",
        "published": "2021-02-15T07:43:39Z",
        "publishing_stage": "finalized",
        "quality_category": "standard",
        "satellite_azimuth": 275.9,
        "satellite_id": "1006",
        "shadow_percent": 0,
        "snow_ice_percent": 0,
        "strip_id": "778572",
        "sun_azimuth": 138.3,
        "sun_elevation": 45.9,
        "updated": "2023-10-25T02:21:19Z",
        "view_angle": 3,
        "visible_confidence_percent": 98,
        "visible_percent": 100
    }
}