{
    "id": "20171006_180845_103a",
    "type": "Feature",
    "geometry": {
        "type": "Polygon",
        "coordinates": [
            [
                [
                    -121.43351338345433,
                    35.86958296389466
                ],
                [
                    -121.41941916228653,
                    35.86706779753054
                ],
                [
                    -121.41928571945024,
                    35.8612784314021
                ],
                [
                    -121.41928571945593,
                    35.8612784314021
                ],
                [
                    -121.43701594343467,
                    35.86136715645954
                ],
                [
                    -121.43695679339636,
                    35.86957422427552
                ],
                [
                    -121.43351338345433,
                    35.86958296389466
                ]
            ]
        ]
    },
    "properties": {
        "acquired": "2017-10-06T18:08:45.245022Z",
        "anomalous_pixels": 0,
        "clear_confidence_percent": 94,
        "clear_percent": 100,
        "cloud_cover": 0.0,
        "cloud_percent": 0,
        "ground_control": true,
        "gsd": 3.9,
        "heavy_haze_percent": 0,
        "instrument": "PS2",
        "item_type": "PSScene",
        "light_haze_percent": 0,
        "pixel_resolution": 3,
        "provider": "planetscope",
        "published": "2021-02-15T18:15:41Z",
        "publishing_stage": "finalized",
        "quality_category": "standard",
        "satellite_azimuth": 274.9,
        "satellite_id": "103a",
        "shadow_percent": 0,
        "snow_ice_percent": 0,
        "strip_id": "818332",
        "sun_azimuth": 143.6,
        "sun_elevation": 41.9,
        "updated": "2023-10-25T02:21:12Z",
        "view_angle": 1.9,
        "visible_confidence_percent": 94,
        "visible_percent": 100
    }
}