{
    "id": "20170622_180913_0e0f",
    "type": "Feature",
    "geometry": {
        "type": "Polygon",
        "coordinates": [
            [
                [
                    -121.42408827212525,
                    35.861302464192775
                ],
                [
                    -121.43699990597894,
                    35.863592353443266
                ],
                [
                    -121.43695679339636,
                    35.86957422427552
                ],
                [
                    -121.41947795707476,
                    35.86961858680425
                ],
                [
                    -121.41928571945024,
                    35.8612784314021
                ],
                [
                    -121.41928571945593,
                    35.8612784314021
                ],
                [
                    -121.42408827212525,
                    35.861302464192775
                ]
            ]
        ]
    },
    "properties": {
        "acquired": "2017-06-22T18:09:13.412131Z",
        "anomalous_pixels": 0.01,
        "clear_confidence_percent": 98,
        "clear_percent": 100,
        "cloud_cover": 0.0,
        "cloud_percent": 0,
        "ground_control": true,
        "gsd": 3.9,
        "heavy_haze_percent": 0,
        "instrument": "PS2",
        "item_type": "PSScene",
        "light_haze_percent": 0,
        "pixel_resolution": 3,
        "provider": "planetscope",
        "published": "2021-02-10T03:07:52Z",
        "publishing_stage": "finalized",
        "quality_category": "standard",
        "satellite_azimuth": 176.9,
        "satellite_id": "0e0f",
        "shadow_percent": 0,
        "snow_ice_percent": 0,
        "strip_id": "570185",
        "sun_azimuth": 107.8,
        "sun_elevation": 61.6,
        "updated": "2022-12-07T18:29:30Z",
        "view_angle": 0.3,
        "visible_confidence_percent": 98,
        "visible_percent": 100
    }
}