{
    "id": "20171012_180642_1009",
    "type": "Feature",
    "geometry": {
        "type": "Polygon",
        "coordinates": [
            [
                [
                    -121.41928571945024,
                    35.8612784314021
                ],
                [
                    -121.41928571945593,
                    35.8612784314021
                ],
                [
                    -121.43701594343467,
                    35.86136715645954
                ],
                [
                    -121.43695679339636,
                    35.86957422427552
                ],
                [
                    -121.41947795707476,
                    35.86961858680425
                ],
                [
                    -121.41928571945024,
                    35.8612784314021
                ]
            ]
        ]
    },
    "properties": {
        "acquired": "2017-10-12T18:06:42.119883Z",
        "anomalous_pixels": 0,
        "clear_confidence_percent": 93,
        "clear_percent": 100,
        "cloud_cover": 0.0,
        "cloud_percent": 0,
        "ground_control": true,
        "gsd": 3.9,
        "heavy_haze_percent": 0,
        "instrument": "PS2",
        "item_type": "PSScene",
        "light_haze_percent": 0,
        "pixel_resolution": 3,
        "provider": "planetscope",
        "published": "2021-02-15T23:00:32Z",
        "publishing_stage": "finalized",
        "quality_category": "standard",
        "satellite_azimuth": 102.3,
        "satellite_id": "1009",
        "shadow_percent": 0,
        "snow_ice_percent": 0,
        "strip_id": "832431",
        "sun_azimuth": 145.4,
        "sun_elevation": 40.1,
        "updated": "2023-10-25T02:21:20Z",
        "view_angle": 3.1,
        "visible_confidence_percent": 93,
        "visible_percent": 100
    }
}