{
    "id": "20170923_180815_0f51",
    "type": "Feature",
    "geometry": {
        "type": "Polygon",
        "coordinates": [
            [
                [
                    -121.41928571945024,
                    35.8612784314021
                ],
                [
                    -121.41928571945593,
                    35.8612784314021
                ],
                [
                    -121.43701594343467,
                    35.86136715645954
                ],
                [
                    -121.43695679339636,
                    35.86957422427552
                ],
                [
                    -121.41947795707476,
                    35.86961858680425
                ],
                [
                    -121.41928571945024,
                    35.8612784314021
                ]
            ]
        ]
    },
    "properties": {
        "acquired": "2017-09-23T18:08:15.961618Z",
        "anomalous_pixels": 0,
        "clear_confidence_percent": 90,
        "clear_percent": 100,
        "cloud_cover": 0.0,
        "cloud_percent": 0,
        "ground_control": true,
        "gsd": 3.9,
        "heavy_haze_percent": 0,
        "instrument": "PS2",
        "item_type": "PSScene",
        "light_haze_percent": 0,
        "pixel_resolution": 3,
        "provider": "planetscope",
        "published": "2021-02-15T08:30:54Z",
        "publishing_stage": "finalized",
        "quality_category": "standard",
        "satellite_azimuth": 272,
        "satellite_id": "0f51",
        "shadow_percent": 0,
        "snow_ice_percent": 0,
        "strip_id": "781169",
        "sun_azimuth": 138.7,
        "sun_elevation": 45.6,
        "updated": "2023-10-25T02:21:14Z",
        "view_angle": 1.4,
        "visible_confidence_percent": 90,
        "visible_percent": 100
    }
}