{
    "id": "20170423_180629_0e19",
    "type": "Feature",
    "geometry": {
        "type": "Polygon",
        "coordinates": [
            [
                [
                    -121.41928571945024,
                    35.8612784314021
                ],
                [
                    -121.41928571945593,
                    35.8612784314021
                ],
                [
                    -121.43701594343467,
                    35.86136715645954
                ],
                [
                    -121.43695679339636,
                    35.86957422427552
                ],
                [
                    -121.41947795707476,
                    35.86961858680425
                ],
                [
                    -121.41928571945024,
                    35.8612784314021
                ]
            ]
        ]
    },
    "properties": {
        "acquired": "2017-04-23T18:06:29.110351Z",
        "anomalous_pixels": 0.01,
        "cloud_cover": 0,
        "ground_control": true,
        "gsd": 4,
        "instrument": "PS2",
        "item_type": "PSScene",
        "pixel_resolution": 3,
        "provider": "planetscope",
        "published": "2021-02-08T22:43:11Z",
        "publishing_stage": "finalized",
        "quality_category": "standard",
        "satellite_azimuth": 173.4,
        "satellite_id": "0e19",
        "strip_id": "477951",
        "sun_azimuth": 123.8,
        "sun_elevation": 55,
        "updated": "2021-02-08T22:43:11Z",
        "view_angle": 0.8
    }
}