{
    "id": "20170807_180402_1041",
    "type": "Feature",
    "geometry": {
        "type": "Polygon",
        "coordinates": [
            [
                [
                    -121.436981106388,
                    35.866200796685064
                ],
                [
                    -121.4193284044589,
                    35.86313030408506
                ],
                [
                    -121.41928571945024,
                    35.8612784314021
                ],
                [
                    -121.41928571945593,
                    35.8612784314021
                ],
                [
                    -121.43701594343467,
                    35.86136715645954
                ],
                [
                    -121.436981106388,
                    35.866200796685064
                ]
            ]
        ]
    },
    "properties": {
        "acquired": "2017-08-07T18:04:02.846038Z",
        "anomalous_pixels": 0.01,
        "clear_confidence_percent": 79,
        "clear_percent": 100,
        "cloud_cover": 0.0,
        "cloud_percent": 0,
        "ground_control": true,
        "gsd": 4,
        "heavy_haze_percent": 0,
        "instrument": "PS2",
        "item_type": "PSScene",
        "light_haze_percent": 0,
        "pixel_resolution": 3,
        "provider": "planetscope",
        "published": "2021-02-13T22:26:17Z",
        "publishing_stage": "finalized",
        "quality_category": "standard",
        "satellite_azimuth": 101.7,
        "satellite_id": "1041",
        "shadow_percent": 0,
        "snow_ice_percent": 0,
        "strip_id": "674333",
        "sun_azimuth": 116.7,
        "sun_elevation": 55.9,
        "updated": "2023-10-25T02:21:17Z",
        "view_angle": 4,
        "visible_confidence_percent": 65,
        "visible_percent": 100
    }
}