{
    "id": "20170415_180628_0e0e",
    "type": "Feature",
    "geometry": {
        "type": "Polygon",
        "coordinates": [
            [
                [
                    -121.41928571945024,
                    35.8612784314021
                ],
                [
                    -121.41928571945593,
                    35.8612784314021
                ],
                [
                    -121.43701594343467,
                    35.86136715645954
                ],
                [
                    -121.43695679339636,
                    35.86957422427552
                ],
                [
                    -121.41947795707476,
                    35.86961858680425
                ],
                [
                    -121.41928571945024,
                    35.8612784314021
                ]
            ]
        ]
    },
    "properties": {
        "acquired": "2017-04-15T18:06:28.15841Z",
        "anomalous_pixels": 0.01,
        "cloud_cover": 0,
        "ground_control": true,
        "gsd": 4,
        "instrument": "PS2",
        "item_type": "PSScene",
        "pixel_resolution": 3,
        "provider": "planetscope",
        "published": "2021-02-08T19:24:40Z",
        "publishing_stage": "finalized",
        "quality_category": "standard",
        "satellite_azimuth": 174.6,
        "satellite_id": "0e0e",
        "strip_id": "467618",
        "sun_azimuth": 126.4,
        "sun_elevation": 52.6,
        "updated": "2021-02-08T19:24:40Z",
        "view_angle": 0.6
    }
}