{
    "id": "20170224_180519_0e19",
    "type": "Feature",
    "geometry": {
        "type": "Polygon",
        "coordinates": [
            [
                [
                    -121.41928571945024,
                    35.8612784314021
                ],
                [
                    -121.41928571945593,
                    35.8612784314021
                ],
                [
                    -121.43701594343467,
                    35.86136715645954
                ],
                [
                    -121.43695679339636,
                    35.86957422427552
                ],
                [
                    -121.41947795707476,
                    35.86961858680425
                ],
                [
                    -121.41928571945024,
                    35.8612784314021
                ]
            ]
        ]
    },
    "properties": {
        "acquired": "2017-02-24T18:05:19.133987Z",
        "anomalous_pixels": 0.01,
        "cloud_cover": 0,
        "ground_control": true,
        "gsd": 3.9,
        "instrument": "PS2",
        "item_type": "PSScene",
        "pixel_resolution": 3,
        "provider": "planetscope",
        "published": "2021-02-08T06:17:15Z",
        "publishing_stage": "finalized",
        "quality_category": "standard",
        "satellite_azimuth": 183.7,
        "satellite_id": "0e19",
        "strip_id": "419895",
        "sun_azimuth": 138.4,
        "sun_elevation": 35.1,
        "updated": "2021-02-08T06:17:15Z",
        "view_angle": 0.1
    }
}