{
    "id": "20171025_180936_1008",
    "type": "Feature",
    "geometry": {
        "type": "Polygon",
        "coordinates": [
            [
                [
                    -121.41944621250012,
                    35.86824136064312
                ],
                [
                    -121.42714517196036,
                    35.869599126867996
                ],
                [
                    -121.41947795707476,
                    35.86961858680425
                ],
                [
                    -121.41944621250012,
                    35.86824136064312
                ]
            ]
        ]
    },
    "properties": {
        "acquired": "2017-10-25T18:09:36.950109Z",
        "anomalous_pixels": 0,
        "clear_confidence_percent": 98,
        "clear_percent": 100,
        "cloud_cover": 0.0,
        "cloud_percent": 0,
        "ground_control": true,
        "gsd": 3.9,
        "heavy_haze_percent": 0,
        "instrument": "PS2",
        "item_type": "PSScene",
        "light_haze_percent": 0,
        "pixel_resolution": 3,
        "provider": "planetscope",
        "published": "2021-02-16T08:12:32Z",
        "publishing_stage": "finalized",
        "quality_category": "standard",
        "satellite_azimuth": 263.8,
        "satellite_id": "1008",
        "shadow_percent": 0,
        "snow_ice_percent": 0,
        "strip_id": "864316",
        "sun_azimuth": 149.1,
        "sun_elevation": 36.3,
        "updated": "2023-10-25T02:21:14Z",
        "view_angle": 0.7,
        "visible_confidence_percent": 98,
        "visible_percent": 100
    }
}