{
    "id": "20170807_180623_1011",
    "type": "Feature",
    "geometry": {
        "type": "Polygon",
        "coordinates": [
            [
                [
                    -121.41928571945024,
                    35.8612784314021
                ],
                [
                    -121.41928571945593,
                    35.8612784314021
                ],
                [
                    -121.43701594343467,
                    35.86136715645954
                ],
                [
                    -121.43695679339636,
                    35.86957422427552
                ],
                [
                    -121.41947795707476,
                    35.86961858680425
                ],
                [
                    -121.41928571945024,
                    35.8612784314021
                ]
            ]
        ]
    },
    "properties": {
        "acquired": "2017-08-07T18:06:23.525829Z",
        "anomalous_pixels": 0,
        "clear_confidence_percent": 90,
        "clear_percent": 99,
        "cloud_cover": 0.0,
        "cloud_percent": 0,
        "ground_control": true,
        "gsd": 3.9,
        "heavy_haze_percent": 0,
        "instrument": "PS2",
        "item_type": "PSScene",
        "light_haze_percent": 0,
        "pixel_resolution": 3,
        "provider": "planetscope",
        "published": "2021-02-13T22:27:44Z",
        "publishing_stage": "finalized",
        "quality_category": "standard",
        "satellite_azimuth": 266.8,
        "satellite_id": "1011",
        "shadow_percent": 1,
        "snow_ice_percent": 0,
        "strip_id": "674363",
        "sun_azimuth": 116.9,
        "sun_elevation": 55.8,
        "updated": "2023-10-25T02:21:14Z",
        "view_angle": 1.1,
        "visible_confidence_percent": 72,
        "visible_percent": 100
    }
}