{
    "id": "20170901_180736_0f3f",
    "type": "Feature",
    "geometry": {
        "type": "Polygon",
        "coordinates": [
            [
                [
                    -121.41928571945024,
                    35.8612784314021
                ],
                [
                    -121.41928571945593,
                    35.8612784314021
                ],
                [
                    -121.43701594343467,
                    35.86136715645954
                ],
                [
                    -121.43695679339636,
                    35.86957422427552
                ],
                [
                    -121.41947795707476,
                    35.86961858680425
                ],
                [
                    -121.41928571945024,
                    35.8612784314021
                ]
            ]
        ]
    },
    "properties": {
        "acquired": "2017-09-01T18:07:36.967292Z",
        "anomalous_pixels": 0.01,
        "clear_confidence_percent": 80,
        "clear_percent": 100,
        "cloud_cover": 0.0,
        "cloud_percent": 0,
        "ground_control": true,
        "gsd": 4,
        "heavy_haze_percent": 0,
        "instrument": "PS2",
        "item_type": "PSScene",
        "light_haze_percent": 0,
        "pixel_resolution": 3,
        "provider": "planetscope",
        "published": "2021-02-14T16:31:55Z",
        "publishing_stage": "finalized",
        "quality_category": "standard",
        "satellite_azimuth": 272.6,
        "satellite_id": "0f3f",
        "shadow_percent": 0,
        "snow_ice_percent": 0,
        "strip_id": "726372",
        "sun_azimuth": 128.6,
        "sun_elevation": 51.1,
        "updated": "2023-10-25T02:21:14Z",
        "view_angle": 1.7,
        "visible_confidence_percent": 81,
        "visible_percent": 100
    }
}