{
    "id": "20170605_180231_100b",
    "type": "Feature",
    "geometry": {
        "type": "Polygon",
        "coordinates": [
            [
                [
                    -121.43697241373363,
                    35.8674069024804
                ],
                [
                    -121.41935500708331,
                    35.864284448713434
                ],
                [
                    -121.41928571945024,
                    35.8612784314021
                ],
                [
                    -121.41928571945593,
                    35.8612784314021
                ],
                [
                    -121.43701594343467,
                    35.86136715645954
                ],
                [
                    -121.43697241373363,
                    35.8674069024804
                ]
            ]
        ]
    },
    "properties": {
        "acquired": "2017-06-05T18:02:31.66191Z",
        "anomalous_pixels": 0.01,
        "clear_confidence_percent": 97,
        "clear_percent": 100,
        "cloud_cover": 0.0,
        "cloud_percent": 0,
        "ground_control": true,
        "gsd": 3.9,
        "heavy_haze_percent": 0,
        "instrument": "PS2",
        "item_type": "PSScene",
        "light_haze_percent": 0,
        "pixel_resolution": 3,
        "provider": "planetscope",
        "published": "2021-02-09T17:16:54Z",
        "publishing_stage": "finalized",
        "quality_category": "standard",
        "satellite_azimuth": 181.9,
        "satellite_id": "100b",
        "shadow_percent": 0,
        "snow_ice_percent": 0,
        "strip_id": "534452",
        "sun_azimuth": 108.2,
        "sun_elevation": 60.5,
        "updated": "2023-10-25T02:21:11Z",
        "view_angle": 0.9,
        "visible_confidence_percent": 97,
        "visible_percent": 100
    }
}