{
    "id": "20171023_180849_1027",
    "type": "Feature",
    "geometry": {
        "type": "Polygon",
        "coordinates": [
            [
                [
                    -121.43700395535085,
                    35.86303050309115
                ],
                [
                    -121.42737313099502,
                    35.861318902185445
                ],
                [
                    -121.43701594343467,
                    35.86136715645954
                ],
                [
                    -121.43700395535085,
                    35.86303050309115
                ]
            ]
        ]
    },
    "properties": {
        "acquired": "2017-10-23T18:08:49.831849Z",
        "anomalous_pixels": 0,
        "clear_confidence_percent": 84,
        "clear_percent": 100,
        "cloud_cover": 0.0,
        "cloud_percent": 0,
        "ground_control": true,
        "gsd": 3.9,
        "heavy_haze_percent": 0,
        "instrument": "PS2",
        "item_type": "PSScene",
        "light_haze_percent": 0,
        "pixel_resolution": 3,
        "provider": "planetscope",
        "published": "2021-02-16T06:52:16Z",
        "publishing_stage": "finalized",
        "quality_category": "standard",
        "satellite_azimuth": 104.9,
        "satellite_id": "1027",
        "shadow_percent": 0,
        "snow_ice_percent": 0,
        "strip_id": "859671",
        "sun_azimuth": 148.5,
        "sun_elevation": 36.9,
        "updated": "2023-10-25T02:21:17Z",
        "view_angle": 1.8,
        "visible_confidence_percent": 84,
        "visible_percent": 100
    }
}