{
  "type": "Collection",
  "id": "00a7a286-291f-4bc4-a790-93a43e55523a: PSScene",
  "stac_version": "1.0.0",
  "description": "PSScene",
  "links": [
    {
      "rel": "root",
      "href": "../catalog.json",
      "type": "application/json"
    },
    {
      "rel": "item",
      "href": "./20170302_180611_0e3a.json",
      "type": "application/json"
    },
    {
      "rel": "item",
      "href": "./20170617_180259_101d.json",
      "type": "application/json"
    },
    {
      "rel": "item",
      "href": "./20171008_190208_0f2e.json",
      "type": "application/json"
    },
    {
      "rel": "item",
      "href": "./20171012_190041_104d.json",
      "type": "application/json"
    },
    {
      "rel": "item",
      "href": "./20171015_180925_103c.json",
      "type": "application/json"
    },
    {
      "rel": "item",
      "href": "./20170415_180014_1029.json",
      "type": "application/json"
    },
    {
      "rel": "item",
      "href": "./20170428_180106_0f52.json",
      "type": "application/json"
    },
    {
      "rel": "item",
      "href": "./20170615_180256_1021.json",
      "type": "application/json"
    },
    {
      "rel": "item",
      "href": "./20171024_181020_0f43.json",
      "type": "application/json"
    },
    {
      "rel": "item",
      "href": "./20161125_180305_0e0f.json",
      "type": "application/json"
    },
    {
      "rel": "item",
      "href": "./20170901_180624_1032.json",
      "type": "application/json"
    },
    {
      "rel": "item",
      "href": "./20171006_180844_103a.json",
      "type": "application/json"
    },
    {
      "rel": "item",
      "href": "./20161005_180122_0e16.json",
      "type": "application/json"
    },
    {
      "rel": "item",
      "href": "./20170415_180628_0e0e.json",
      "type": "application/json"
    },
    {
      "rel": "item",
      "href": "./20170918_190358_1048.json",
      "type": "application/json"
    },
    {
      "rel": "item",
      "href": "./20170901_180736_0f3f.json",
      "type": "application/json"
    },
    {
      "rel": "item",
      "href": "./20171022_180852_102d.json",
      "type": "application/json"
    },
    {
      "rel": "item",
      "href": "./20170501_180044_100f.json",
      "type": "application/json"
    },
    {
      "rel": "item",
      "href": "./20170514_180050_1030.json",
      "type": "application/json"
    },
    {
      "rel": "item",
      "href": "./20170514_180813_0e16.json",
      "type": "application/json"
    },
    {
      "rel": "item",
      "href": "./20170531_180203_101b.json",
      "type": "application/json"
    },
    {
      "rel": "item",
      "href": "./20171010_180623_102e.json",
      "type": "application/json"
    },
    {
      "rel": "item",
      "href": "./20170516_180757_0e20.json",
      "type": "application/json"
    },
    {
      "rel": "item",
      "href": "./20170611_180242_1025.json",
      "type": "application/json"
    },
    {
      "rel": "item",
      "href": "./20170807_180401_1041.json",
      "type": "application/json"
    },
    {
      "rel": "item",
      "href": "./20170925_190219_101c.json",
      "type": "application/json"
    },
    {
      "rel": "item",
      "href": "./20161005_180121_0e16.json",
      "type": "application/json"
    },
    {
      "rel": "item",
      "href": "./20170317_180620_0e0e.json",
      "type": "application/json"
    },
    {
      "rel": "item",
      "href": "./20171008_180640_100e.json",
      "type": "application/json"
    },
    {
      "rel": "item",
      "href": "./20171016_180840_1035.json",
      "type": "application/json"
    },
    {
      "rel": "item",
      "href": "./20171021_180731_0f18.json",
      "type": "application/json"
    },
    {
      "rel": "item",
      "href": "./20161002_180031_0e26.json",
      "type": "application/json"
    },
    {
      "rel": "item",
      "href": "./20170114_180414_0e0f.json",
      "type": "application/json"
    },
    {
      "rel": "item",
      "href": "./20170922_180902_1006.json",
      "type": "application/json"
    },
    {
      "rel": "item",
      "href": "./20170925_190242_1043.json",
      "type": "application/json"
    },
    {
      "rel": "item",
      "href": "./20171015_180801_103a.json",
      "type": "application/json"
    },
    {
      "rel": "item",
      "href": "./20170603_180224_103e.json",
      "type": "application/json"
    },
    {
      "rel": "item",
      "href": "./20171022_185940_0f2d.json",
      "type": "application/json"
    },
    {
      "rel": "item",
      "href": "./20170928_190246_0f4a.json",
      "type": "application/json"
    },
    {
      "rel": "item",
      "href": "./20171015_180802_103a.json",
      "type": "application/json"
    },
    {
      "rel": "item",
      "href": "./20161112_180232_0e30.json",
      "type": "application/json"
    },
    {
      "rel": "item",
      "href": "./20170423_180629_0e19.json",
      "type": "application/json"
    },
    {
      "rel": "item",
      "href": "./20170605_180231_100b.json",
      "type": "application/json"
    },
    {
      "rel": "item",
      "href": "./20170927_190316_1020.json",
      "type": "application/json"
    },
    {
      "rel": "item",
      "href": "./20170918_190357_1048.json",
      "type": "application/json"
    },
    {
      "rel": "item",
      "href": "./20171010_180748_1040.json",
      "type": "application/json"
    },
    {
      "rel": "item",
      "href": "./20170720_180509_1044.json",
      "type": "application/json"
    },
    {
      "rel": "item",
      "href": "./20171001_190206_103f.json",
      "type": "application/json"
    },
    {
      "rel": "item",
      "href": "./20170929_180644_100e.json",
      "type": "application/json"
    },
    {
      "rel": "item",
      "href": "./20161224_180421_0e16.json",
      "type": "application/json"
    },
    {
      "rel": "item",
      "href": "./20170131_180431_0e30.json",
      "type": "application/json"
    },
    {
      "rel": "item",
      "href": "./20170605_180230_100b.json",
      "type": "application/json"
    },
    {
      "rel": "item",
      "href": "./20170707_180403_103a.json",
      "type": "application/json"
    },
    {
      "rel": "item",
      "href": "./20170619_180303_0f38.json",
      "type": "application/json"
    },
    {
      "rel": "item",
      "href": "./20170624_180828_0e30.json",
      "type": "application/json"
    },
    {
      "rel": "item",
      "href": "./20170224_180519_0e19.json",
      "type": "application/json"
    },
    {
      "rel": "item",
      "href": "./20170717_180337_1014.json",
      "type": "application/json"
    },
    {
      "rel": "item",
      "href": "./20171023_180849_1027.json",
      "type": "application/json"
    },
    {
      "rel": "item",
      "href": "./20171020_180841_0f31.json",
      "type": "application/json"
    },
    {
      "rel": "item",
      "href": "./20170712_180539_0f31.json",
      "type": "application/json"
    },
    {
      "rel": "item",
      "href": "./20170830_190536_104c.json",
      "type": "application/json"
    },
    {
      "rel": "item",
      "href": "./20170719_180927_0e16.json",
      "type": "application/json"
    },
    {
      "rel": "item",
      "href": "./20170701_180252_100a.json",
      "type": "application/json"
    },
    {
      "rel": "item",
      "href": "./20171025_180937_1008.json",
      "type": "application/json"
    },
    {
      "rel": "item",
      "href": "./20171026_180810_1002.json",
      "type": "application/json"
    },
    {
      "rel": "item",
      "href": "./20161130_180349_0e0f.json",
      "type": "application/json"
    },
    {
      "rel": "item",
      "href": "./20171025_180936_1008.json",
      "type": "application/json"
    },
    {
      "rel": "item",
      "href": "./20170514_180812_0e16.json",
      "type": "application/json"
    },
    {
      "rel": "item",
      "href": "./20170613_180313_1034.json",
      "type": "application/json"
    },
    {
      "rel": "item",
      "href": "./20170618_180300_1004.json",
      "type": "application/json"
    },
    {
      "rel": "item",
      "href": "./20170925_180657_1026.json",
      "type": "application/json"
    },
    {
      "rel": "item",
      "href": "./20170619_180245_0f31.json",
      "type": "application/json"
    },
    {
      "rel": "item",
      "href": "./20170923_180815_0f51.json",
      "type": "application/json"
    },
    {
      "rel": "item",
      "href": "./20170409_180616_0e30.json",
      "type": "application/json"
    },
    {
      "rel": "item",
      "href": "./20170410_180010_0f35.json",
      "type": "application/json"
    },
    {
      "rel": "item",
      "href": "./20170613_180832_0e1f.json",
      "type": "application/json"
    },
    {
      "rel": "item",
      "href": "./20170927_181029_0e26.json",
      "type": "application/json"
    },
    {
      "rel": "item",
      "href": "./20171006_180845_103a.json",
      "type": "application/json"
    },
    {
      "rel": "item",
      "href": "./20170716_180609_0f25.json",
      "type": "application/json"
    },
    {
      "rel": "item",
      "href": "./20170807_180623_1011.json",
      "type": "application/json"
    },
    {
      "rel": "item",
      "href": "./20170708_180314_1010.json",
      "type": "application/json"
    },
    {
      "rel": "item",
      "href": "./20170807_180402_1041.json",
      "type": "application/json"
    },
    {
      "rel": "item",
      "href": "./20170716_180608_0f25.json",
      "type": "application/json"
    },
    {
      "rel": "item",
      "href": "./20171002_180741_100b.json",
      "type": "application/json"
    },
    {
      "rel": "item",
      "href": "./20170420_180021_1030.json",
      "type": "application/json"
    },
    {
      "rel": "item",
      "href": "./20170707_180226_103c.json",
      "type": "application/json"
    },
    {
      "rel": "item",
      "href": "./20170922_180901_1006.json",
      "type": "application/json"
    },
    {
      "rel": "item",
      "href": "./20170622_180913_0e0f.json",
      "type": "application/json"
    },
    {
      "rel": "item",
      "href": "./20161002_180032_0e26.json",
      "type": "application/json"
    },
    {
      "rel": "item",
      "href": "./20170717_180522_0f22.json",
      "type": "application/json"
    },
    {
      "rel": "item",
      "href": "./20170804_180637_0f38.json",
      "type": "application/json"
    },
    {
      "rel": "item",
      "href": "./20171012_180642_1009.json",
      "type": "application/json"
    },
    {
      "rel": "item",
      "href": "./20171023_180848_1027.json",
      "type": "application/json"
    },
    {
      "rel": "item",
      "href": "./20170925_190241_1043.json",
      "type": "application/json"
    },
    {
      "rel": "parent",
      "href": "../catalog.json",
      "type": "application/json"
    }
  ],
  "pl:item_type": "PSScene",
  "extent": {
    "spatial": {
      "bbox": [
        [
          -121.43701594343467,
          35.8612784314021,
          -121.41928571945024,
          35.86961858680425
        ]
      ]
    },
    "temporal": {
      "interval": [
        [
          "2016-10-02T18:00:31.498728Z",
          "2017-10-26T18:08:10.035533Z"
        ]
      ]
    }
  },
  "license": "proprietary"
}